subject,phase,roi,pipeline,task,n_voxels,set_pair,same_set,n_pairs,mean_distance,median_distance
1,pilot,nsdgeneral,raw_glmsingle,vision,1200,AA,True,15,0.5707796846373373,0.6083191461794071
1,pilot,nsdgeneral,raw_glmsingle,vision,1200,AB,False,36,0.5279116724356467,0.5250507114893403
1,pilot,nsdgeneral,raw_glmsingle,vision,1200,AC,False,36,0.5163403115916604,0.518370566552207
1,pilot,nsdgeneral,raw_glmsingle,vision,1200,BB,True,15,0.4187847092999681,0.40849152644368736
1,pilot,nsdgeneral,raw_glmsingle,vision,1200,BC,False,36,0.3478630834714508,0.32388107286289314
1,pilot,nsdgeneral,raw_glmsingle,vision,1200,CC,True,15,0.3069245503212097,0.26931880332612523
1,pilot,nsdgeneral,raw_glmsingle,imagery,1200,AA,True,15,0.3181924844359482,0.31844215278731514
1,pilot,nsdgeneral,raw_glmsingle,imagery,1200,AB,False,36,0.28560837591626664,0.289349323838998
1,pilot,nsdgeneral,raw_glmsingle,imagery,1200,AC,False,36,0.3003763613394424,0.2982574017431776
1,pilot,nsdgeneral,raw_glmsingle,imagery,1200,BB,True,15,0.2546060366241997,0.25331285133688364
1,pilot,nsdgeneral,raw_glmsingle,imagery,1200,BC,False,36,0.2456596953949165,0.24806208039393535
1,pilot,nsdgeneral,raw_glmsingle,imagery,1200,CC,True,15,0.27116352945905237,0.26322418068675957
1,pilot,nsdgeneral,task_pooled,vision,1200,AA,True,15,0.9363962758719812,0.9220599516676475
1,pilot,nsdgeneral,task_pooled,vision,1200,AB,False,36,1.0561184730999296,1.050119443285972
1,pilot,nsdgeneral,task_pooled,vision,1200,AC,False,36,1.1224670826322978,1.121350509599678
1,pilot,nsdgeneral,task_pooled,vision,1200,BB,True,15,1.1093635179773491,1.166048911024808
1,pilot,nsdgeneral,task_pooled,vision,1200,BC,False,36,1.0300176722883443,1.0432443190605423
1,pilot,nsdgeneral,task_pooled,vision,1200,CC,True,15,1.0389683772983018,1.041893464789311
1,pilot,nsdgeneral,task_pooled,imagery,1200,AA,True,15,1.0822213792526272,1.104650623680681
1,pilot,nsdgeneral,task_pooled,imagery,1200,AB,False,36,1.0464073729495846,1.0613290066050374
1,pilot,nsdgeneral,task_pooled,imagery,1200,AC,False,36,1.0475399961192164,1.0542031996132248
1,pilot,nsdgeneral,task_pooled,imagery,1200,BB,True,15,1.119406522474016,1.101458945509469
1,pilot,nsdgeneral,task_pooled,imagery,1200,BC,False,36,1.0175687255562456,0.9962012604344685
1,pilot,nsdgeneral,task_pooled,imagery,1200,CC,True,15,1.1255201097082315,1.133034573597107
1,pilot,nsdgeneral,attention_reference,vision,1200,AA,True,15,0.4150422350167175,0.416782276302088
1,pilot,nsdgeneral,attention_reference,vision,1200,AB,False,36,0.5715345867119117,0.5710685066011477
1,pilot,nsdgeneral,attention_reference,vision,1200,AC,False,36,0.6263931711163968,0.5838983714418633
1,pilot,nsdgeneral,attention_reference,vision,1200,BB,True,15,0.7236125208149592,0.7104146957228517
1,pilot,nsdgeneral,attention_reference,vision,1200,BC,False,36,0.7098115442210047,0.7068934982703581
1,pilot,nsdgeneral,attention_reference,vision,1200,CC,True,15,0.7527960468363311,0.7427765293868316
1,pilot,nsdgeneral,attention_reference,imagery,1200,AA,True,15,0.21968205387516992,0.20384141830711178
1,pilot,nsdgeneral,attention_reference,imagery,1200,AB,False,36,0.20947597017635974,0.19838691392210478
1,pilot,nsdgeneral,attention_reference,imagery,1200,AC,False,36,0.23093310651803664,0.2255621496379941
1,pilot,nsdgeneral,attention_reference,imagery,1200,BB,True,15,0.2311648740862302,0.21581790283154467
1,pilot,nsdgeneral,attention_reference,imagery,1200,BC,False,36,0.2268534604762099,0.21784209686735445
1,pilot,nsdgeneral,attention_reference,imagery,1200,CC,True,15,0.27513243097633794,0.2661754037906633
1,pilot,early_visual,raw_glmsingle,vision,1200,AA,True,15,0.743590351436141,0.7825912606214563
1,pilot,early_visual,raw_glmsingle,vision,1200,AB,False,36,0.6049499355955004,0.6187565833654532
1,pilot,early_visual,raw_glmsingle,vision,1200,AC,False,36,0.5424215278481256,0.5584227344595757
1,pilot,early_visual,raw_glmsingle,vision,1200,BB,True,15,0.43563912130902427,0.42954541680948755
1,pilot,early_visual,raw_glmsingle,vision,1200,BC,False,36,0.32575668874619884,0.29200755170432124
1,pilot,early_visual,raw_glmsingle,vision,1200,CC,True,15,0.207162054123886,0.2154675905849731
1,pilot,early_visual,raw_glmsingle,imagery,1200,AA,True,15,0.3496718430321561,0.3509723370981018
1,pilot,early_visual,raw_glmsingle,imagery,1200,AB,False,36,0.2756990752605389,0.27690743862007666
1,pilot,early_visual,raw_glmsingle,imagery,1200,AC,False,36,0.29705465219006805,0.26985228693147906
1,pilot,early_visual,raw_glmsingle,imagery,1200,BB,True,15,0.20717260391704917,0.19254687437319862
1,pilot,early_visual,raw_glmsingle,imagery,1200,BC,False,36,0.21702025015095583,0.21012566699063678
1,pilot,early_visual,raw_glmsingle,imagery,1200,CC,True,15,0.23548438021637852,0.2223346835525546
1,pilot,early_visual,task_pooled,vision,1200,AA,True,15,0.9672058649335131,0.9733121130132033
1,pilot,early_visual,task_pooled,vision,1200,AB,False,36,1.0862555885851328,1.0848430954836221
1,pilot,early_visual,task_pooled,vision,1200,AC,False,36,1.1355104126456042,1.109859023521582
1,pilot,early_visual,task_pooled,vision,1200,BB,True,15,1.082655814942371,1.0604123217821024
1,pilot,early_visual,task_pooled,vision,1200,BC,False,36,1.0143041381053908,1.0164391833500557
1,pilot,early_visual,task_pooled,vision,1200,CC,True,15,0.9679594850799285,0.9972465078769349
1,pilot,early_visual,task_pooled,imagery,1200,AA,True,15,1.0755601458432165,1.0570708985386899
1,pilot,early_visual,task_pooled,imagery,1200,AB,False,36,1.0529339572044327,1.0449932069199699
1,pilot,early_visual,task_pooled,imagery,1200,AC,False,36,1.0616558877476474,1.0618414353763272
1,pilot,early_visual,task_pooled,imagery,1200,BB,True,15,1.0820405254915433,1.0759272256298924
1,pilot,early_visual,task_pooled,imagery,1200,BC,False,36,1.0348456048285835,1.0366173838622226
1,pilot,early_visual,task_pooled,imagery,1200,CC,True,15,1.078085543943655,1.1172745714451633
1,pilot,early_visual,attention_reference,vision,1200,AA,True,15,0.47899187884686883,0.5190020369291515
1,pilot,early_visual,attention_reference,vision,1200,AB,False,36,0.6042500231238783,0.5932373840907297
1,pilot,early_visual,attention_reference,vision,1200,AC,False,36,0.5808663602655153,0.543817385152546
1,pilot,early_visual,attention_reference,vision,1200,BB,True,15,0.6946452864921345,0.6753183299981562
1,pilot,early_visual,attention_reference,vision,1200,BC,False,36,0.6388480320506185,0.6116723915692184
1,pilot,early_visual,attention_reference,vision,1200,CC,True,15,0.5940563110062704,0.586429094268426
1,pilot,early_visual,attention_reference,imagery,1200,AA,True,15,0.14165382270962018,0.1465899600882573
1,pilot,early_visual,attention_reference,imagery,1200,AB,False,36,0.13153996188210001,0.13280219276315353
1,pilot,early_visual,attention_reference,imagery,1200,AC,False,36,0.14245308906135212,0.13841898980490414
1,pilot,early_visual,attention_reference,imagery,1200,BB,True,15,0.12721808191745104,0.1371076849782189
1,pilot,early_visual,attention_reference,imagery,1200,BC,False,36,0.13280084287045804,0.13373674019472737
1,pilot,early_visual,attention_reference,imagery,1200,CC,True,15,0.15460880497212848,0.15440554062162204
1,pilot,higher_visual,raw_glmsingle,vision,1200,AA,True,15,0.7633604202665432,0.7385814937107384
1,pilot,higher_visual,raw_glmsingle,vision,1200,AB,False,36,0.6868842394574277,0.6776937712582141
1,pilot,higher_visual,raw_glmsingle,vision,1200,AC,False,36,0.6908118861922282,0.6831899484161837
1,pilot,higher_visual,raw_glmsingle,vision,1200,BB,True,15,0.7359325231793808,0.7454112413588803
1,pilot,higher_visual,raw_glmsingle,vision,1200,BC,False,36,0.6729842535375986,0.6664507219538083
1,pilot,higher_visual,raw_glmsingle,vision,1200,CC,True,15,0.6892140492067625,0.6221215684198178
1,pilot,higher_visual,raw_glmsingle,imagery,1200,AA,True,15,0.5571751564823152,0.5551211693471434
1,pilot,higher_visual,raw_glmsingle,imagery,1200,AB,False,36,0.4982329443113777,0.4804202845136092
1,pilot,higher_visual,raw_glmsingle,imagery,1200,AC,False,36,0.5082153265711651,0.509478677958411
1,pilot,higher_visual,raw_glmsingle,imagery,1200,BB,True,15,0.5502291448014951,0.5301368079397081
1,pilot,higher_visual,raw_glmsingle,imagery,1200,BC,False,36,0.4904950861108159,0.4818615718674317
1,pilot,higher_visual,raw_glmsingle,imagery,1200,CC,True,15,0.5650577897510648,0.5386155769191094
1,pilot,higher_visual,task_pooled,vision,1200,AA,True,15,1.066295324865775,1.042578272053214
1,pilot,higher_visual,task_pooled,vision,1200,AB,False,36,1.0228375643255427,1.030437179472398
1,pilot,higher_visual,task_pooled,vision,1200,AC,False,36,1.062503899821408,1.0435272364830823
1,pilot,higher_visual,task_pooled,vision,1200,BB,True,15,1.110853072218364,1.0353653929734434
1,pilot,higher_visual,task_pooled,vision,1200,BC,False,36,1.047992074531103,1.0779616054512782
1,pilot,higher_visual,task_pooled,vision,1200,CC,True,15,1.0898314858619893,1.1409719002810452
1,pilot,higher_visual,task_pooled,imagery,1200,AA,True,15,1.1136347366922614,1.09666458500142
1,pilot,higher_visual,task_pooled,imagery,1200,AB,False,36,1.030265962297628,1.042198777300566
1,pilot,higher_visual,task_pooled,imagery,1200,AC,False,36,1.036385432269673,1.0618803098470362
1,pilot,higher_visual,task_pooled,imagery,1200,BB,True,15,1.1444353892230956,1.1024541510152075
1,pilot,higher_visual,task_pooled,imagery,1200,BC,False,36,1.013190466151511,1.0116600585531539
1,pilot,higher_visual,task_pooled,imagery,1200,CC,True,15,1.1455346939830318,1.1952059799539219
1,pilot,higher_visual,attention_reference,vision,1200,AA,True,15,0.5677860416194993,0.599005984307901
1,pilot,higher_visual,attention_reference,vision,1200,AB,False,36,0.6123688178549958,0.6054406385857183
1,pilot,higher_visual,attention_reference,vision,1200,AC,False,36,0.695532539374352,0.6801141130593759
1,pilot,higher_visual,attention_reference,vision,1200,BB,True,15,0.7318287228493848,0.7241590262289725
1,pilot,higher_visual,attention_reference,vision,1200,BC,False,36,0.7456746955394844,0.7535420842953968
1,pilot,higher_visual,attention_reference,vision,1200,CC,True,15,0.8300413138770396,0.8111779123691399
1,pilot,higher_visual,attention_reference,imagery,1200,AA,True,15,0.40476106708734233,0.40300649217956497
1,pilot,higher_visual,attention_reference,imagery,1200,AB,False,36,0.3653550558087186,0.3578642137047928
1,pilot,higher_visual,attention_reference,imagery,1200,AC,False,36,0.41212398195733435,0.403590034893105
1,pilot,higher_visual,attention_reference,imagery,1200,BB,True,15,0.40383629323158626,0.39282672789379014
1,pilot,higher_visual,attention_reference,imagery,1200,BC,False,36,0.39595460774507873,0.38751555185416525
1,pilot,higher_visual,attention_reference,imagery,1200,CC,True,15,0.4944808607036173,0.4694346531654634
2,heldout,nsdgeneral,raw_glmsingle,vision,1200,AA,True,15,0.9109556546351061,0.9108750820365807
2,heldout,nsdgeneral,raw_glmsingle,vision,1200,AB,False,36,0.8141770051771506,0.8475331836268731
2,heldout,nsdgeneral,raw_glmsingle,vision,1200,AC,False,36,0.8106296666230369,0.868021640791934
2,heldout,nsdgeneral,raw_glmsingle,vision,1200,BB,True,15,0.5138633427629706,0.48933688710908696
2,heldout,nsdgeneral,raw_glmsingle,vision,1200,BC,False,36,0.396381530233619,0.34020534582416584
2,heldout,nsdgeneral,raw_glmsingle,vision,1200,CC,True,15,0.2890987256133896,0.28614211932917066
2,heldout,nsdgeneral,raw_glmsingle,imagery,1200,AA,True,15,0.4869391007516819,0.493368133762184
2,heldout,nsdgeneral,raw_glmsingle,imagery,1200,AB,False,36,0.4891172271082556,0.48946260488456705
2,heldout,nsdgeneral,raw_glmsingle,imagery,1200,AC,False,36,0.5142666009735701,0.5068530180361219
2,heldout,nsdgeneral,raw_glmsingle,imagery,1200,BB,True,15,0.4627846963432321,0.4575611648708139
2,heldout,nsdgeneral,raw_glmsingle,imagery,1200,BC,False,36,0.4879116799260552,0.48027595316150645
2,heldout,nsdgeneral,raw_glmsingle,imagery,1200,CC,True,15,0.5347979290022202,0.4962727007633264
2,heldout,nsdgeneral,task_pooled,vision,1200,AA,True,15,0.8666552120402659,0.8177105326516123
2,heldout,nsdgeneral,task_pooled,vision,1200,AB,False,36,1.08082781435536,1.092104468814171
2,heldout,nsdgeneral,task_pooled,vision,1200,AC,False,36,1.195161926726374,1.1533070954551248
2,heldout,nsdgeneral,task_pooled,vision,1200,BB,True,15,1.1052133167663178,1.0802204683296712
2,heldout,nsdgeneral,task_pooled,vision,1200,BC,False,36,0.9961636079491968,0.9850760916333398
2,heldout,nsdgeneral,task_pooled,vision,1200,CC,True,15,0.9644897712458816,1.012794122715207
2,heldout,nsdgeneral,task_pooled,imagery,1200,AA,True,15,1.048675300666907,1.0505674932450626
2,heldout,nsdgeneral,task_pooled,imagery,1200,AB,False,36,1.0590492501088398,1.064040039801653
2,heldout,nsdgeneral,task_pooled,imagery,1200,AC,False,36,1.0582561744209684,1.0335299368662851
2,heldout,nsdgeneral,task_pooled,imagery,1200,BB,True,15,1.0772566833115944,1.0949254997863047
2,heldout,nsdgeneral,task_pooled,imagery,1200,BC,False,36,1.0360802634734656,1.0302133112059975
2,heldout,nsdgeneral,task_pooled,imagery,1200,CC,True,15,1.0990805595648367,1.0088215520506134
2,heldout,nsdgeneral,attention_reference,vision,1200,AA,True,15,0.6048242041854063,0.5719352426168407
2,heldout,nsdgeneral,attention_reference,vision,1200,AB,False,36,0.8058530507200607,0.815387832465247
2,heldout,nsdgeneral,attention_reference,vision,1200,AC,False,36,0.8992698045923583,0.8882227938957454
2,heldout,nsdgeneral,attention_reference,vision,1200,BB,True,15,0.9289728197925528,0.8703795322723776
2,heldout,nsdgeneral,attention_reference,vision,1200,BC,False,36,0.8728484564029734,0.8687782698580185
2,heldout,nsdgeneral,attention_reference,vision,1200,CC,True,15,0.9334672894760282,0.9435801449336172
2,heldout,nsdgeneral,attention_reference,imagery,1200,AA,True,15,0.30906134852275763,0.2778883585186487
2,heldout,nsdgeneral,attention_reference,imagery,1200,AB,False,36,0.3014423562305677,0.2887664300968761
2,heldout,nsdgeneral,attention_reference,imagery,1200,AC,False,36,0.2961568612106007,0.2795866848674777
2,heldout,nsdgeneral,attention_reference,imagery,1200,BB,True,15,0.33018680088499186,0.33064399949449796
2,heldout,nsdgeneral,attention_reference,imagery,1200,BC,False,36,0.2963140854217326,0.29475531308428154
2,heldout,nsdgeneral,attention_reference,imagery,1200,CC,True,15,0.3316797984679384,0.30104818115180376
2,heldout,early_visual,raw_glmsingle,vision,1200,AA,True,15,0.9480419488950514,1.0136787265338696
2,heldout,early_visual,raw_glmsingle,vision,1200,AB,False,36,0.7615485420998731,0.797717627224537
2,heldout,early_visual,raw_glmsingle,vision,1200,AC,False,36,0.7282547219371104,0.7716276336958607
2,heldout,early_visual,raw_glmsingle,vision,1200,BB,True,15,0.5258606633664203,0.5556960437400997
2,heldout,early_visual,raw_glmsingle,vision,1200,BC,False,36,0.3838636840968831,0.30527735290975
2,heldout,early_visual,raw_glmsingle,vision,1200,CC,True,15,0.2467142631381364,0.25848717051468306
2,heldout,early_visual,raw_glmsingle,imagery,1200,AA,True,15,0.40724559222244444,0.39743423217172835
2,heldout,early_visual,raw_glmsingle,imagery,1200,AB,False,36,0.36930960721746625,0.3599141087622061
2,heldout,early_visual,raw_glmsingle,imagery,1200,AC,False,36,0.4400012812085512,0.4291455528441846
2,heldout,early_visual,raw_glmsingle,imagery,1200,BB,True,15,0.35514345717065526,0.35046600584397647
2,heldout,early_visual,raw_glmsingle,imagery,1200,BC,False,36,0.4284629434305092,0.4250180057673985
2,heldout,early_visual,raw_glmsingle,imagery,1200,CC,True,15,0.5143671291558635,0.4996735090792854
2,heldout,early_visual,task_pooled,vision,1200,AA,True,15,0.9383172987242249,0.8648737712401753
2,heldout,early_visual,task_pooled,vision,1200,AB,False,36,1.0991021052226884,1.0617880789796852
2,heldout,early_visual,task_pooled,vision,1200,AC,False,36,1.169085104007332,1.1854688351110467
2,heldout,early_visual,task_pooled,vision,1200,BB,True,15,1.092006831463748,1.052285303878773
2,heldout,early_visual,task_pooled,vision,1200,BC,False,36,0.9718539593564218,0.9611738046394154
2,heldout,early_visual,task_pooled,vision,1200,CC,True,15,0.9700435450727766,1.016391247710106
2,heldout,early_visual,task_pooled,imagery,1200,AA,True,15,1.089885369172984,1.1082195664831334
2,heldout,early_visual,task_pooled,imagery,1200,AB,False,36,1.0630080355233658,1.0779457451270325
2,heldout,early_visual,task_pooled,imagery,1200,AC,False,36,1.0314725109204848,1.0242086765810239
2,heldout,early_visual,task_pooled,imagery,1200,BB,True,15,1.0258525020924887,1.0193236038371427
2,heldout,early_visual,task_pooled,imagery,1200,BC,False,36,1.0666048276802418,1.0989141683883266
2,heldout,early_visual,task_pooled,imagery,1200,CC,True,15,1.0904134449713836,1.085447784223469
2,heldout,early_visual,attention_reference,vision,1200,AA,True,15,0.7011406504909553,0.6312822411245584
2,heldout,early_visual,attention_reference,vision,1200,AB,False,36,0.8490870014422862,0.8131930829051247
2,heldout,early_visual,attention_reference,vision,1200,AC,False,36,0.8856601131994314,0.8582379351485299
2,heldout,early_visual,attention_reference,vision,1200,BB,True,15,0.9284828221056043,0.8963038338926232
2,heldout,early_visual,attention_reference,vision,1200,BC,False,36,0.8426291440943019,0.8427908377465011
2,heldout,early_visual,attention_reference,vision,1200,CC,True,15,0.9047566200705279,0.9223459789572439
2,heldout,early_visual,attention_reference,imagery,1200,AA,True,15,0.18808386726886034,0.18955801481529555
2,heldout,early_visual,attention_reference,imagery,1200,AB,False,36,0.18255970500743707,0.18117623964938145
2,heldout,early_visual,attention_reference,imagery,1200,AC,False,36,0.18560811096794047,0.18505087637780226
2,heldout,early_visual,attention_reference,imagery,1200,BB,True,15,0.20162653753528006,0.19750918182136767
2,heldout,early_visual,attention_reference,imagery,1200,BC,False,36,0.1918786454255087,0.18497887223373294
2,heldout,early_visual,attention_reference,imagery,1200,CC,True,15,0.21262404012110078,0.1922983153074439
2,heldout,higher_visual,raw_glmsingle,vision,1200,AA,True,15,0.8921137347447397,0.8668099094758279
2,heldout,higher_visual,raw_glmsingle,vision,1200,AB,False,36,0.8136009802728652,0.8058257916480609
2,heldout,higher_visual,raw_glmsingle,vision,1200,AC,False,36,0.8357777799963956,0.8460175048184271
2,heldout,higher_visual,raw_glmsingle,vision,1200,BB,True,15,0.7740806064654031,0.7549928084702872
2,heldout,higher_visual,raw_glmsingle,vision,1200,BC,False,36,0.6368385279166169,0.6311526582912907
2,heldout,higher_visual,raw_glmsingle,vision,1200,CC,True,15,0.58913069482537,0.5612664414008534
2,heldout,higher_visual,raw_glmsingle,imagery,1200,AA,True,15,0.7058149131067218,0.6960602328372825
2,heldout,higher_visual,raw_glmsingle,imagery,1200,AB,False,36,0.6291517968956208,0.6426948572123161
2,heldout,higher_visual,raw_glmsingle,imagery,1200,AC,False,36,0.6652060511196407,0.6779427462894593
2,heldout,higher_visual,raw_glmsingle,imagery,1200,BB,True,15,0.6845979336054426,0.7042365532822643
2,heldout,higher_visual,raw_glmsingle,imagery,1200,BC,False,36,0.6366690862887628,0.6398011441789773
2,heldout,higher_visual,raw_glmsingle,imagery,1200,CC,True,15,0.7440010494381533,0.6960714256258271
2,heldout,higher_visual,task_pooled,vision,1200,AA,True,15,0.9511326577077083,0.9524994813111378
2,heldout,higher_visual,task_pooled,vision,1200,AB,False,36,1.044747863805778,1.0763679039477911
2,heldout,higher_visual,task_pooled,vision,1200,AC,False,36,1.135393370067877,1.142965844635483
2,heldout,higher_visual,task_pooled,vision,1200,BB,True,15,1.133807453605882,1.1186509047675601
2,heldout,higher_visual,task_pooled,vision,1200,BC,False,36,1.0138210908740302,1.013618047003281
2,heldout,higher_visual,task_pooled,vision,1200,CC,True,15,1.0366583157621216,1.0504260707268767
2,heldout,higher_visual,task_pooled,imagery,1200,AA,True,15,1.0842867635950006,1.0934133830498993
2,heldout,higher_visual,task_pooled,imagery,1200,AB,False,36,1.036065475820709,1.030701495753724
2,heldout,higher_visual,task_pooled,imagery,1200,AC,False,36,1.0487536370956314,1.0496993301795718
2,heldout,higher_visual,task_pooled,imagery,1200,BB,True,15,1.1327027280808055,1.1250102118414325
2,heldout,higher_visual,task_pooled,imagery,1200,BC,False,36,1.0181128233446766,1.0215200458943485
2,heldout,higher_visual,task_pooled,imagery,1200,CC,True,15,1.1290101715005654,1.1083481635895294
2,heldout,higher_visual,attention_reference,vision,1200,AA,True,15,0.6356400160755865,0.6112507165901577
2,heldout,higher_visual,attention_reference,vision,1200,AB,False,36,0.7760830643379044,0.764851283509375
2,heldout,higher_visual,attention_reference,vision,1200,AC,False,36,0.8718359314601946,0.8376923981800353
2,heldout,higher_visual,attention_reference,vision,1200,BB,True,15,0.957137306865022,0.9071785542214503
2,heldout,higher_visual,attention_reference,vision,1200,BC,False,36,0.8968249236117907,0.8640522562828932
2,heldout,higher_visual,attention_reference,vision,1200,CC,True,15,0.991076345400058,1.0076880010586606
2,heldout,higher_visual,attention_reference,imagery,1200,AA,True,15,0.4904105917773237,0.5034646411211348
2,heldout,higher_visual,attention_reference,imagery,1200,AB,False,36,0.4654817332230652,0.4411743154837245
2,heldout,higher_visual,attention_reference,imagery,1200,AC,False,36,0.46060701843792107,0.4530588041273663
2,heldout,higher_visual,attention_reference,imagery,1200,BB,True,15,0.5329412036613195,0.5801877388480869
2,heldout,higher_visual,attention_reference,imagery,1200,BC,False,36,0.4675118236825593,0.45945893575300306
2,heldout,higher_visual,attention_reference,imagery,1200,CC,True,15,0.5312430880258857,0.5387746574165666
3,heldout,nsdgeneral,raw_glmsingle,vision,1200,AA,True,15,0.8566363549719219,0.8479231605809165
3,heldout,nsdgeneral,raw_glmsingle,vision,1200,AB,False,36,0.7026495113069752,0.643606925850557
3,heldout,nsdgeneral,raw_glmsingle,vision,1200,AC,False,36,0.7102579513617006,0.5890720426195672
3,heldout,nsdgeneral,raw_glmsingle,vision,1200,BB,True,15,0.400679253249202,0.3916865744437973
3,heldout,nsdgeneral,raw_glmsingle,vision,1200,BC,False,36,0.36313092476913844,0.3761358925208127
3,heldout,nsdgeneral,raw_glmsingle,vision,1200,CC,True,15,0.39830712469846585,0.3875802391698765
3,heldout,nsdgeneral,raw_glmsingle,imagery,1200,AA,True,15,0.573792589720158,0.6152370938136653
3,heldout,nsdgeneral,raw_glmsingle,imagery,1200,AB,False,36,0.6242123473436978,0.6065472074791265
3,heldout,nsdgeneral,raw_glmsingle,imagery,1200,AC,False,36,0.6795251051028811,0.6714031724513021
3,heldout,nsdgeneral,raw_glmsingle,imagery,1200,BB,True,15,0.6557513921077395,0.6597522422418158
3,heldout,nsdgeneral,raw_glmsingle,imagery,1200,BC,False,36,0.6755097490075367,0.6733560142881139
3,heldout,nsdgeneral,raw_glmsingle,imagery,1200,CC,True,15,0.8160474741015034,0.8034892898418231
3,heldout,nsdgeneral,task_pooled,vision,1200,AA,True,15,0.9623748298964615,0.9606702539805774
3,heldout,nsdgeneral,task_pooled,vision,1200,AB,False,36,1.0887709298182475,1.0521388175392519
3,heldout,nsdgeneral,task_pooled,vision,1200,AC,False,36,1.0676171796732379,1.0542403496389259
3,heldout,nsdgeneral,task_pooled,vision,1200,BB,True,15,1.1102499597326245,1.109083534859926
3,heldout,nsdgeneral,task_pooled,vision,1200,BC,False,36,0.998477190751964,1.0003481624277635
3,heldout,nsdgeneral,task_pooled,vision,1200,CC,True,15,1.1300037258917355,1.134891861757013
3,heldout,nsdgeneral,task_pooled,imagery,1200,AA,True,15,1.0820908293418126,1.0816065996957154
3,heldout,nsdgeneral,task_pooled,imagery,1200,AB,False,36,1.0672855467214895,1.0688141797085264
3,heldout,nsdgeneral,task_pooled,imagery,1200,AC,False,36,1.035937659041132,1.0669669596980356
3,heldout,nsdgeneral,task_pooled,imagery,1200,BB,True,15,1.0751047898760333,1.083983565983495
3,heldout,nsdgeneral,task_pooled,imagery,1200,BC,False,36,1.0195531879637485,0.9986738796620047
3,heldout,nsdgeneral,task_pooled,imagery,1200,CC,True,15,1.1396838794012996,1.132408587031557
3,heldout,nsdgeneral,attention_reference,vision,1200,AA,True,15,0.49054421219483274,0.5034138484071329
3,heldout,nsdgeneral,attention_reference,vision,1200,AB,False,36,0.7099854044600504,0.6119568930795168
3,heldout,nsdgeneral,attention_reference,vision,1200,AC,False,36,0.6345318585890237,0.5873450536798441
3,heldout,nsdgeneral,attention_reference,vision,1200,BB,True,15,0.8813389401559648,0.804532185827758
3,heldout,nsdgeneral,attention_reference,vision,1200,BC,False,36,0.746132517941041,0.7146981759559008
3,heldout,nsdgeneral,attention_reference,vision,1200,CC,True,15,0.7904649187049732,0.7387866535159777
3,heldout,nsdgeneral,attention_reference,imagery,1200,AA,True,15,0.2605131797750456,0.2547948024457396
3,heldout,nsdgeneral,attention_reference,imagery,1200,AB,False,36,0.21789568474740162,0.20825058087358944
3,heldout,nsdgeneral,attention_reference,imagery,1200,AC,False,36,0.2655372317217652,0.252761255447909
3,heldout,nsdgeneral,attention_reference,imagery,1200,BB,True,15,0.2022131125925592,0.20623793074928964
3,heldout,nsdgeneral,attention_reference,imagery,1200,BC,False,36,0.23836915603560016,0.21916636726767053
3,heldout,nsdgeneral,attention_reference,imagery,1200,CC,True,15,0.32316579747999974,0.2946951516819908
3,heldout,early_visual,raw_glmsingle,vision,1200,AA,True,15,0.8488825666222491,0.8117732745638281
3,heldout,early_visual,raw_glmsingle,vision,1200,AB,False,36,0.6603975313269677,0.7149122278849043
3,heldout,early_visual,raw_glmsingle,vision,1200,AC,False,36,0.6429027920505669,0.6856146396275705
3,heldout,early_visual,raw_glmsingle,vision,1200,BB,True,15,0.3126410547605464,0.30838573231381605
3,heldout,early_visual,raw_glmsingle,vision,1200,BC,False,36,0.2804344213801559,0.2904424563232173
3,heldout,early_visual,raw_glmsingle,vision,1200,CC,True,15,0.2863676920884091,0.2783947061388695
3,heldout,early_visual,raw_glmsingle,imagery,1200,AA,True,15,0.4609017475679591,0.4341485670423315
3,heldout,early_visual,raw_glmsingle,imagery,1200,AB,False,36,0.5242365159030612,0.5071111724589606
3,heldout,early_visual,raw_glmsingle,imagery,1200,AC,False,36,0.6175992564612013,0.6221795779557361
3,heldout,early_visual,raw_glmsingle,imagery,1200,BB,True,15,0.5145987730009508,0.5143274471670463
3,heldout,early_visual,raw_glmsingle,imagery,1200,BC,False,36,0.6191262256759958,0.6061425460156122
3,heldout,early_visual,raw_glmsingle,imagery,1200,CC,True,15,0.7998019024135026,0.8043108616811256
3,heldout,early_visual,task_pooled,vision,1200,AA,True,15,0.9761826118632403,0.961198810815823
3,heldout,early_visual,task_pooled,vision,1200,AB,False,36,1.1234047516395138,1.1059107102615107
3,heldout,early_visual,task_pooled,vision,1200,AC,False,36,1.0746313535290986,1.081634289736069
3,heldout,early_visual,task_pooled,vision,1200,BB,True,15,1.0455142859455087,1.0653582543065385
3,heldout,early_visual,task_pooled,vision,1200,BC,False,36,0.9920444921550597,0.9875229761174666
3,heldout,early_visual,task_pooled,vision,1200,CC,True,15,1.1065328373723191,1.1159683158679994
3,heldout,early_visual,task_pooled,imagery,1200,AA,True,15,1.0559358545631692,1.0394181153883033
3,heldout,early_visual,task_pooled,imagery,1200,AB,False,36,1.0899739966364361,1.0924216384827083
3,heldout,early_visual,task_pooled,imagery,1200,AC,False,36,1.0415721109187297,1.06174190523249
3,heldout,early_visual,task_pooled,imagery,1200,BB,True,15,1.0330909337002707,1.0211175117361997
3,heldout,early_visual,task_pooled,imagery,1200,BC,False,36,1.0217332965887915,1.00195792499882
3,heldout,early_visual,task_pooled,imagery,1200,CC,True,15,1.12671611130364,1.1297809122653069
3,heldout,early_visual,attention_reference,vision,1200,AA,True,15,0.5652448855449735,0.5681665611443798
3,heldout,early_visual,attention_reference,vision,1200,AB,False,36,0.7726325755277794,0.6805451452003359
3,heldout,early_visual,attention_reference,vision,1200,AC,False,36,0.6468671582704091,0.620950656474774
3,heldout,early_visual,attention_reference,vision,1200,BB,True,15,0.9128449538591535,0.8191334314253218
3,heldout,early_visual,attention_reference,vision,1200,BC,False,36,0.7636640633777793,0.6835126022465523
3,heldout,early_visual,attention_reference,vision,1200,CC,True,15,0.7399260183687724,0.7056949973189546
3,heldout,early_visual,attention_reference,imagery,1200,AA,True,15,0.19826690828681445,0.18328983847183078
3,heldout,early_visual,attention_reference,imagery,1200,AB,False,36,0.16259949097974918,0.14924534577589577
3,heldout,early_visual,attention_reference,imagery,1200,AC,False,36,0.2004413781066649,0.1892095746877096
3,heldout,early_visual,attention_reference,imagery,1200,BB,True,15,0.14237217739634503,0.13932982627433133
3,heldout,early_visual,attention_reference,imagery,1200,BC,False,36,0.1788025922039104,0.16518350075233684
3,heldout,early_visual,attention_reference,imagery,1200,CC,True,15,0.24223300928470498,0.21679937373709868
3,heldout,higher_visual,raw_glmsingle,vision,1200,AA,True,15,0.8527698912769338,0.8763864431731843
3,heldout,higher_visual,raw_glmsingle,vision,1200,AB,False,36,0.7625704951180938,0.7822324738693399
3,heldout,higher_visual,raw_glmsingle,vision,1200,AC,False,36,0.7655416893275527,0.7641695846903004
3,heldout,higher_visual,raw_glmsingle,vision,1200,BB,True,15,0.8097073647315765,0.8216665051685267
3,heldout,higher_visual,raw_glmsingle,vision,1200,BC,False,36,0.711623235181418,0.7109345780060892
3,heldout,higher_visual,raw_glmsingle,vision,1200,CC,True,15,0.8173685560640837,0.8134913011357855
3,heldout,higher_visual,raw_glmsingle,imagery,1200,AA,True,15,0.7705393383674968,0.7520366232518236
3,heldout,higher_visual,raw_glmsingle,imagery,1200,AB,False,36,0.7175156242070616,0.7160684058816216
3,heldout,higher_visual,raw_glmsingle,imagery,1200,AC,False,36,0.7275084394677229,0.7026287681670667
3,heldout,higher_visual,raw_glmsingle,imagery,1200,BB,True,15,0.771423693488569,0.7722172648643526
3,heldout,higher_visual,raw_glmsingle,imagery,1200,BC,False,36,0.7142909995390911,0.7016630419529415
3,heldout,higher_visual,raw_glmsingle,imagery,1200,CC,True,15,0.8468130911116242,0.8231099653700735
3,heldout,higher_visual,task_pooled,vision,1200,AA,True,15,1.067096182420652,1.0584615540657316
3,heldout,higher_visual,task_pooled,vision,1200,AB,False,36,1.04294469944817,1.0451883429258597
3,heldout,higher_visual,task_pooled,vision,1200,AC,False,36,1.0384145624574623,1.0327861923538064
3,heldout,higher_visual,task_pooled,vision,1200,BB,True,15,1.1447976879075077,1.1802475190377582
3,heldout,higher_visual,task_pooled,vision,1200,BC,False,36,1.0119817803413833,1.007549337729758
3,heldout,higher_visual,task_pooled,vision,1200,CC,True,15,1.147888749209993,1.1411967147768651
3,heldout,higher_visual,task_pooled,imagery,1200,AA,True,15,1.1173605151241779,1.124883720702232
3,heldout,higher_visual,task_pooled,imagery,1200,AB,False,36,1.0382452907900783,1.0394744201704722
3,heldout,higher_visual,task_pooled,imagery,1200,AC,False,36,1.0271325990715772,1.0480965789531123
3,heldout,higher_visual,task_pooled,imagery,1200,BB,True,15,1.1283488879181338,1.1088929783383783
3,heldout,higher_visual,task_pooled,imagery,1200,BC,False,36,1.0173366868938216,1.0163367738707214
3,heldout,higher_visual,task_pooled,imagery,1200,CC,True,15,1.1530009772392986,1.1407488502080785
3,heldout,higher_visual,attention_reference,vision,1200,AA,True,15,0.6178405355036413,0.6275115139049388
3,heldout,higher_visual,attention_reference,vision,1200,AB,False,36,0.7193793493576518,0.7007040395969362
3,heldout,higher_visual,attention_reference,vision,1200,AC,False,36,0.6991520418306688,0.6668048678685047
3,heldout,higher_visual,attention_reference,vision,1200,BB,True,15,0.9125628975146507,0.8488987974555371
3,heldout,higher_visual,attention_reference,vision,1200,BC,False,36,0.7850084249396171,0.78644879891922
3,heldout,higher_visual,attention_reference,vision,1200,CC,True,15,0.8707942102640299,0.8418904344712436
3,heldout,higher_visual,attention_reference,imagery,1200,AA,True,15,0.5067401268340957,0.509056049905373
3,heldout,higher_visual,attention_reference,imagery,1200,AB,False,36,0.4409978570107839,0.4343995598591088
3,heldout,higher_visual,attention_reference,imagery,1200,AC,False,36,0.4834068210247175,0.4930162267166618
3,heldout,higher_visual,attention_reference,imagery,1200,BB,True,15,0.4636380439242457,0.4565266373953484
3,heldout,higher_visual,attention_reference,imagery,1200,BC,False,36,0.4591312381599795,0.4491612365780833
3,heldout,higher_visual,attention_reference,imagery,1200,CC,True,15,0.5700230522793005,0.568717773612594
4,heldout,nsdgeneral,raw_glmsingle,vision,1200,AA,True,15,0.7571357486530784,0.8167026793968358
4,heldout,nsdgeneral,raw_glmsingle,vision,1200,AB,False,36,0.6781394991433886,0.6309104853859072
4,heldout,nsdgeneral,raw_glmsingle,vision,1200,AC,False,36,0.6860161511822312,0.6851353020674241
4,heldout,nsdgeneral,raw_glmsingle,vision,1200,BB,True,15,0.48397962882405204,0.49254331027475184
4,heldout,nsdgeneral,raw_glmsingle,vision,1200,BC,False,36,0.38730332507321696,0.36374415800519977
4,heldout,nsdgeneral,raw_glmsingle,vision,1200,CC,True,15,0.2963906046239337,0.2896341434588767
4,heldout,nsdgeneral,raw_glmsingle,imagery,1200,AA,True,15,0.4664091010828513,0.48420393907431913
4,heldout,nsdgeneral,raw_glmsingle,imagery,1200,AB,False,36,0.4288471797843276,0.4294272303292754
4,heldout,nsdgeneral,raw_glmsingle,imagery,1200,AC,False,36,0.43682777072702417,0.43878609995495443
4,heldout,nsdgeneral,raw_glmsingle,imagery,1200,BB,True,15,0.44265742698014876,0.4250109737078861
4,heldout,nsdgeneral,raw_glmsingle,imagery,1200,BC,False,36,0.424156600836097,0.41534634896792355
4,heldout,nsdgeneral,raw_glmsingle,imagery,1200,CC,True,15,0.46831348320897936,0.5019645499829581
4,heldout,nsdgeneral,task_pooled,vision,1200,AA,True,15,0.8924719851480141,0.9413028478445198
4,heldout,nsdgeneral,task_pooled,vision,1200,AB,False,36,1.0551034602553266,1.061147484540938
4,heldout,nsdgeneral,task_pooled,vision,1200,AC,False,36,1.1655739993835985,1.180640185034266
4,heldout,nsdgeneral,task_pooled,vision,1200,BB,True,15,1.1286846251149565,1.1712811555807459
4,heldout,nsdgeneral,task_pooled,vision,1200,BC,False,36,1.0148368983349534,1.0087731517989766
4,heldout,nsdgeneral,task_pooled,vision,1200,CC,True,15,0.9977157207313992,1.048854888309812
4,heldout,nsdgeneral,task_pooled,imagery,1200,AA,True,15,1.1028047629344762,1.0987344397575278
4,heldout,nsdgeneral,task_pooled,imagery,1200,AB,False,36,1.0407900379925088,1.0463095543427485
4,heldout,nsdgeneral,task_pooled,imagery,1200,AC,False,36,1.034010392315184,1.0301675759319986
4,heldout,nsdgeneral,task_pooled,imagery,1200,BB,True,15,1.1166975879844137,1.09972972132067
4,heldout,nsdgeneral,task_pooled,imagery,1200,BC,False,36,1.0363296034934413,1.0432877829473113
4,heldout,nsdgeneral,task_pooled,imagery,1200,CC,True,15,1.110751966245728,1.1051754211896052
4,heldout,nsdgeneral,attention_reference,vision,1200,AA,True,15,0.401807916633807,0.41729322056967766
4,heldout,nsdgeneral,attention_reference,vision,1200,AB,False,36,0.602617678166423,0.5569333004938896
4,heldout,nsdgeneral,attention_reference,vision,1200,AC,False,36,0.6804726160932754,0.6414029984831141
4,heldout,nsdgeneral,attention_reference,vision,1200,BB,True,15,0.7960181586752761,0.758901969181148
4,heldout,nsdgeneral,attention_reference,vision,1200,BC,False,36,0.771527252928478,0.7375371998863409
4,heldout,nsdgeneral,attention_reference,vision,1200,CC,True,15,0.8453783735972967,0.8494437494898035
4,heldout,nsdgeneral,attention_reference,imagery,1200,AA,True,15,0.17588128164897693,0.1752486289951699
4,heldout,nsdgeneral,attention_reference,imagery,1200,AB,False,36,0.18859533919088645,0.18751347786344325
4,heldout,nsdgeneral,attention_reference,imagery,1200,AC,False,36,0.16957001329932753,0.16295336959322843
4,heldout,nsdgeneral,attention_reference,imagery,1200,BB,True,15,0.23393264376517114,0.22853322858260494
4,heldout,nsdgeneral,attention_reference,imagery,1200,BC,False,36,0.1959298622917907,0.1948304815120398
4,heldout,nsdgeneral,attention_reference,imagery,1200,CC,True,15,0.19426554867538298,0.2018967446016251
4,heldout,early_visual,raw_glmsingle,vision,1200,AA,True,15,0.8478177156851271,0.8475717531298745
4,heldout,early_visual,raw_glmsingle,vision,1200,AB,False,36,0.6930014418608382,0.6681367285186537
4,heldout,early_visual,raw_glmsingle,vision,1200,AC,False,36,0.6601045771339766,0.6874873570622544
4,heldout,early_visual,raw_glmsingle,vision,1200,BB,True,15,0.4980762281612076,0.509696324458041
4,heldout,early_visual,raw_glmsingle,vision,1200,BC,False,36,0.3638305403407583,0.3260667230441335
4,heldout,early_visual,raw_glmsingle,vision,1200,CC,True,15,0.2449719485442184,0.2372491294011415
4,heldout,early_visual,raw_glmsingle,imagery,1200,AA,True,15,0.41599213768245963,0.4121940758232905
4,heldout,early_visual,raw_glmsingle,imagery,1200,AB,False,36,0.4085298288631638,0.3989495036660552
4,heldout,early_visual,raw_glmsingle,imagery,1200,AC,False,36,0.39730344331207956,0.39506424921619704
4,heldout,early_visual,raw_glmsingle,imagery,1200,BB,True,15,0.41162011331281945,0.41497808700026273
4,heldout,early_visual,raw_glmsingle,imagery,1200,BC,False,36,0.3988719990979012,0.40287908395195726
4,heldout,early_visual,raw_glmsingle,imagery,1200,CC,True,15,0.41600599991451237,0.4380453683074327
4,heldout,early_visual,task_pooled,vision,1200,AA,True,15,0.9848973792586934,0.962316044814121
4,heldout,early_visual,task_pooled,vision,1200,AB,False,36,1.070377946746068,1.0620215657822292
4,heldout,early_visual,task_pooled,vision,1200,AC,False,36,1.1192710610989323,1.1169569381978093
4,heldout,early_visual,task_pooled,vision,1200,BB,True,15,1.1165332630424567,1.1067868814414177
4,heldout,early_visual,task_pooled,vision,1200,BC,False,36,1.0057365927635642,1.0000317984918956
4,heldout,early_visual,task_pooled,vision,1200,CC,True,15,1.0121122821741122,1.047875049778437
4,heldout,early_visual,task_pooled,imagery,1200,AA,True,15,1.0799538001923825,1.062301107727333
4,heldout,early_visual,task_pooled,imagery,1200,AB,False,36,1.0593322157856047,1.0726568176379228
4,heldout,early_visual,task_pooled,imagery,1200,AC,False,36,1.0350314505093812,1.0391941433286567
4,heldout,early_visual,task_pooled,imagery,1200,BB,True,15,1.0791308785952418,1.0746471216779927
4,heldout,early_visual,task_pooled,imagery,1200,BC,False,36,1.0516429197679988,1.0342073435807293
4,heldout,early_visual,task_pooled,imagery,1200,CC,True,15,1.086041908834051,1.0667438325176095
4,heldout,early_visual,attention_reference,vision,1200,AA,True,15,0.5429649653051577,0.5685824577176641
4,heldout,early_visual,attention_reference,vision,1200,AB,False,36,0.7108359325017194,0.620409381367692
4,heldout,early_visual,attention_reference,vision,1200,AC,False,36,0.6755587233414342,0.6183274641390948
4,heldout,early_visual,attention_reference,vision,1200,BB,True,15,0.8874209464128062,0.8739027076577964
4,heldout,early_visual,attention_reference,vision,1200,BC,False,36,0.7889064660714382,0.7463140589873107
4,heldout,early_visual,attention_reference,vision,1200,CC,True,15,0.7966637697125558,0.7761752080172947
4,heldout,early_visual,attention_reference,imagery,1200,AA,True,15,0.13249674620253402,0.13117472037320688
4,heldout,early_visual,attention_reference,imagery,1200,AB,False,36,0.14231773503623396,0.1425696908579367
4,heldout,early_visual,attention_reference,imagery,1200,AC,False,36,0.12472786096417586,0.12183954122880214
4,heldout,early_visual,attention_reference,imagery,1200,BB,True,15,0.16315272112812565,0.16608783193560583
4,heldout,early_visual,attention_reference,imagery,1200,BC,False,36,0.14134040852364482,0.14003410567282937
4,heldout,early_visual,attention_reference,imagery,1200,CC,True,15,0.13457137610694608,0.1336451009098134
4,heldout,higher_visual,raw_glmsingle,vision,1200,AA,True,15,0.7905913793973618,0.784605688326693
4,heldout,higher_visual,raw_glmsingle,vision,1200,AB,False,36,0.6799576745391855,0.7012799528983731
4,heldout,higher_visual,raw_glmsingle,vision,1200,AC,False,36,0.6716219411378668,0.6748127830820834
4,heldout,higher_visual,raw_glmsingle,vision,1200,BB,True,15,0.5848564768516916,0.5642982953391787
4,heldout,higher_visual,raw_glmsingle,vision,1200,BC,False,36,0.508224472287242,0.5191285419733069
4,heldout,higher_visual,raw_glmsingle,vision,1200,CC,True,15,0.4870924890857497,0.4757015485254035
4,heldout,higher_visual,raw_glmsingle,imagery,1200,AA,True,15,0.6075844820257562,0.5561216394745259
4,heldout,higher_visual,raw_glmsingle,imagery,1200,AB,False,36,0.5427525691219466,0.5253574199746429
4,heldout,higher_visual,raw_glmsingle,imagery,1200,AC,False,36,0.555029096531142,0.5321884182898152
4,heldout,higher_visual,raw_glmsingle,imagery,1200,BB,True,15,0.6125380006293173,0.6429383046219872
4,heldout,higher_visual,raw_glmsingle,imagery,1200,BC,False,36,0.5553842064143684,0.5538357733510255
4,heldout,higher_visual,raw_glmsingle,imagery,1200,CC,True,15,0.6316207625143058,0.6295131458305565
4,heldout,higher_visual,task_pooled,vision,1200,AA,True,15,0.9881967733202429,1.0252476496128347
4,heldout,higher_visual,task_pooled,vision,1200,AB,False,36,1.0178272331969243,1.0292438218300188
4,heldout,higher_visual,task_pooled,vision,1200,AC,False,36,1.1248201157489337,1.112018066289357
4,heldout,higher_visual,task_pooled,vision,1200,BB,True,15,1.1361401907375062,1.1426931225688652
4,heldout,higher_visual,task_pooled,vision,1200,BC,False,36,1.0340447108715511,1.0412275988847095
4,heldout,higher_visual,task_pooled,vision,1200,CC,True,15,1.0359478026226023,1.0587850128059286
4,heldout,higher_visual,task_pooled,imagery,1200,AA,True,15,1.112460181932164,1.090076603270517
4,heldout,higher_visual,task_pooled,imagery,1200,AB,False,36,1.0328009452672164,1.037216513238548
4,heldout,higher_visual,task_pooled,imagery,1200,AC,False,36,1.0318054853798555,1.0347675371160217
4,heldout,higher_visual,task_pooled,imagery,1200,BB,True,15,1.1368737475799522,1.151196622968188
4,heldout,higher_visual,task_pooled,imagery,1200,BC,False,36,1.0251065458995434,1.0270624867074711
4,heldout,higher_visual,task_pooled,imagery,1200,CC,True,15,1.1311051114189232,1.1378425858485728
4,heldout,higher_visual,attention_reference,vision,1200,AA,True,15,0.4965898131386014,0.5031002173718564
4,heldout,higher_visual,attention_reference,vision,1200,AB,False,36,0.5785853446586592,0.5846486261039971
4,heldout,higher_visual,attention_reference,vision,1200,AC,False,36,0.7363608274287362,0.7117859823620594
4,heldout,higher_visual,attention_reference,vision,1200,BB,True,15,0.7315127447550324,0.7024160731168126
4,heldout,higher_visual,attention_reference,vision,1200,BC,False,36,0.7663992107434799,0.7488401242249058
4,heldout,higher_visual,attention_reference,vision,1200,CC,True,15,0.9009212192873848,0.8796804463336865
4,heldout,higher_visual,attention_reference,imagery,1200,AA,True,15,0.30886589655488733,0.3086220694467393
4,heldout,higher_visual,attention_reference,imagery,1200,AB,False,36,0.32634938177028605,0.32957715885404815
4,heldout,higher_visual,attention_reference,imagery,1200,AC,False,36,0.3040918791506075,0.2928830729130905
4,heldout,higher_visual,attention_reference,imagery,1200,BB,True,15,0.41736251401212204,0.40662768110840963
4,heldout,higher_visual,attention_reference,imagery,1200,BC,False,36,0.348666641749182,0.3391052058821262
4,heldout,higher_visual,attention_reference,imagery,1200,CC,True,15,0.3596425029178654,0.373925522340406
5,heldout,nsdgeneral,raw_glmsingle,vision,1200,AA,True,15,0.6392541288037132,0.5992922049241042
5,heldout,nsdgeneral,raw_glmsingle,vision,1200,AB,False,36,0.5551705842937346,0.6008339672487848
5,heldout,nsdgeneral,raw_glmsingle,vision,1200,AC,False,36,0.540762519905538,0.6045792325775536
5,heldout,nsdgeneral,raw_glmsingle,vision,1200,BB,True,15,0.43090490045385127,0.4018721433610817
5,heldout,nsdgeneral,raw_glmsingle,vision,1200,BC,False,36,0.36761141183332524,0.3504013513462763
5,heldout,nsdgeneral,raw_glmsingle,vision,1200,CC,True,15,0.2940025957795149,0.3124188873921272
5,heldout,nsdgeneral,raw_glmsingle,imagery,1200,AA,True,15,0.34181115084467883,0.3491377519949188
5,heldout,nsdgeneral,raw_glmsingle,imagery,1200,AB,False,36,0.4281346406008899,0.4310858783956696
5,heldout,nsdgeneral,raw_glmsingle,imagery,1200,AC,False,36,0.4727375653950875,0.4872698523759136
5,heldout,nsdgeneral,raw_glmsingle,imagery,1200,BB,True,15,0.48937038737475247,0.5076631330864332
5,heldout,nsdgeneral,raw_glmsingle,imagery,1200,BC,False,36,0.48895877874444665,0.47787464156145604
5,heldout,nsdgeneral,raw_glmsingle,imagery,1200,CC,True,15,0.47451696090781803,0.46740437807448443
5,heldout,nsdgeneral,task_pooled,vision,1200,AA,True,15,0.8346637164383318,0.7789348491599575
5,heldout,nsdgeneral,task_pooled,vision,1200,AB,False,36,1.0974574113233755,1.1088193670699964
5,heldout,nsdgeneral,task_pooled,vision,1200,AC,False,36,1.1711983985601233,1.1685631342508627
5,heldout,nsdgeneral,task_pooled,vision,1200,BB,True,15,1.088856856659936,1.0950303685575293
5,heldout,nsdgeneral,task_pooled,vision,1200,BC,False,36,1.0081970201611676,1.0038918244864783
5,heldout,nsdgeneral,task_pooled,vision,1200,CC,True,15,1.0001458187286052,1.0330534209688138
5,heldout,nsdgeneral,task_pooled,imagery,1200,AA,True,15,0.9888652591248167,0.9794713178782259
5,heldout,nsdgeneral,task_pooled,imagery,1200,AB,False,36,1.0602476746379133,1.0561919388873113
5,heldout,nsdgeneral,task_pooled,imagery,1200,AC,False,36,1.1174588227824662,1.1391952001047507
5,heldout,nsdgeneral,task_pooled,imagery,1200,BB,True,15,1.0736406360837194,1.0833753949274203
5,heldout,nsdgeneral,task_pooled,imagery,1200,BC,False,36,1.0365920737012528,1.0443292759110172
5,heldout,nsdgeneral,task_pooled,imagery,1200,CC,True,15,1.019606574022464,1.0441218977562066
5,heldout,nsdgeneral,attention_reference,vision,1200,AA,True,15,0.46603588243536914,0.4434052714377712
5,heldout,nsdgeneral,attention_reference,vision,1200,AB,False,36,0.7227555139263274,0.7172889279542659
5,heldout,nsdgeneral,attention_reference,vision,1200,AC,False,36,0.7276372131568318,0.7016106152327148
5,heldout,nsdgeneral,attention_reference,vision,1200,BB,True,15,0.8472806284819215,0.8182960806314995
5,heldout,nsdgeneral,attention_reference,vision,1200,BC,False,36,0.7780547181350004,0.7702756271499939
5,heldout,nsdgeneral,attention_reference,vision,1200,CC,True,15,0.7777242405116218,0.7632217900403508
5,heldout,nsdgeneral,attention_reference,imagery,1200,AA,True,15,0.31624903939735394,0.3039742751078748
5,heldout,nsdgeneral,attention_reference,imagery,1200,AB,False,36,0.28097654049051307,0.2718051119067817
5,heldout,nsdgeneral,attention_reference,imagery,1200,AC,False,36,0.27678883968107754,0.26864163792557844
5,heldout,nsdgeneral,attention_reference,imagery,1200,BB,True,15,0.26556121735836186,0.2455945767769495
5,heldout,nsdgeneral,attention_reference,imagery,1200,BC,False,36,0.24202227180334304,0.23891691304477297
5,heldout,nsdgeneral,attention_reference,imagery,1200,CC,True,15,0.2544682187836478,0.2416171886067735
5,heldout,early_visual,raw_glmsingle,vision,1200,AA,True,15,0.7129790108131693,0.6647104046630782
5,heldout,early_visual,raw_glmsingle,vision,1200,AB,False,36,0.5512796123087885,0.6036374771944427
5,heldout,early_visual,raw_glmsingle,vision,1200,AC,False,36,0.5020404200125066,0.5898125323798502
5,heldout,early_visual,raw_glmsingle,vision,1200,BB,True,15,0.34201525371037966,0.3533460676257504
5,heldout,early_visual,raw_glmsingle,vision,1200,BC,False,36,0.26751674530533565,0.2311552055365771
5,heldout,early_visual,raw_glmsingle,vision,1200,CC,True,15,0.16350772140071312,0.14368925876670624
5,heldout,early_visual,raw_glmsingle,imagery,1200,AA,True,15,0.32368703016367767,0.3310741386395091
5,heldout,early_visual,raw_glmsingle,imagery,1200,AB,False,36,0.4498265056297459,0.4428561255650877
5,heldout,early_visual,raw_glmsingle,imagery,1200,AC,False,36,0.3888755433438998,0.37224986477826016
5,heldout,early_visual,raw_glmsingle,imagery,1200,BB,True,15,0.5078988306834458,0.4864815586797252
5,heldout,early_visual,raw_glmsingle,imagery,1200,BC,False,36,0.45223517919400397,0.4580280325364714
5,heldout,early_visual,raw_glmsingle,imagery,1200,CC,True,15,0.414835014312924,0.41757114817867325
5,heldout,early_visual,task_pooled,vision,1200,AA,True,15,0.8902783215887169,0.801713206758674
5,heldout,early_visual,task_pooled,vision,1200,AB,False,36,1.1196523109046566,1.1425270732213733
5,heldout,early_visual,task_pooled,vision,1200,AC,False,36,1.1700048528759763,1.190436948371068
5,heldout,early_visual,task_pooled,vision,1200,BB,True,15,1.061456579920229,1.10322647786477
5,heldout,early_visual,task_pooled,vision,1200,BC,False,36,0.997029530363759,0.9742761610452519
5,heldout,early_visual,task_pooled,vision,1200,CC,True,15,0.9406489290347266,0.9479257480279913
5,heldout,early_visual,task_pooled,imagery,1200,AA,True,15,0.991482171025391,1.068985856029095
5,heldout,early_visual,task_pooled,imagery,1200,AB,False,36,1.077098808329502,1.0871470516987773
5,heldout,early_visual,task_pooled,imagery,1200,AC,False,36,1.1064360372915811,1.1079465957339114
5,heldout,early_visual,task_pooled,imagery,1200,BB,True,15,1.0431027271183657,1.01026038086468
5,heldout,early_visual,task_pooled,imagery,1200,BC,False,36,1.0445753337274983,1.0396560319647408
5,heldout,early_visual,task_pooled,imagery,1200,CC,True,15,1.0111569263694766,0.9886443896004535
5,heldout,early_visual,attention_reference,vision,1200,AA,True,15,0.5738650376510936,0.5486625110313605
5,heldout,early_visual,attention_reference,vision,1200,AB,False,36,0.833324488835898,0.8158658022393563
5,heldout,early_visual,attention_reference,vision,1200,AC,False,36,0.7734371025408193,0.7610922418386249
5,heldout,early_visual,attention_reference,vision,1200,BB,True,15,0.9275876200197813,0.9629643715294262
5,heldout,early_visual,attention_reference,vision,1200,BC,False,36,0.8149476920190831,0.7976775213890841
5,heldout,early_visual,attention_reference,vision,1200,CC,True,15,0.6997734175846093,0.6756091017394967
5,heldout,early_visual,attention_reference,imagery,1200,AA,True,15,0.2986320905811082,0.286514706046348
5,heldout,early_visual,attention_reference,imagery,1200,AB,False,36,0.2447750719700496,0.24466930684512872
5,heldout,early_visual,attention_reference,imagery,1200,AC,False,36,0.2398770898931117,0.225571416167336
5,heldout,early_visual,attention_reference,imagery,1200,BB,True,15,0.20497189926539464,0.2049964363330139
5,heldout,early_visual,attention_reference,imagery,1200,BC,False,36,0.19706869944057318,0.18899463508421543
5,heldout,early_visual,attention_reference,imagery,1200,CC,True,15,0.20063839090129107,0.18798641794399196
5,heldout,higher_visual,raw_glmsingle,vision,1200,AA,True,15,0.864467009297466,0.8916200673756646
5,heldout,higher_visual,raw_glmsingle,vision,1200,AB,False,36,0.7663906347292259,0.7718784879594394
5,heldout,higher_visual,raw_glmsingle,vision,1200,AC,False,36,0.75058398654401,0.7473307318118303
5,heldout,higher_visual,raw_glmsingle,vision,1200,BB,True,15,0.7410008954184141,0.7438566640443076
5,heldout,higher_visual,raw_glmsingle,vision,1200,BC,False,36,0.6725961068025708,0.6663164309673728
5,heldout,higher_visual,raw_glmsingle,vision,1200,CC,True,15,0.7308095745390045,0.7364072017619375
5,heldout,higher_visual,raw_glmsingle,imagery,1200,AA,True,15,0.6328158614547192,0.6338661128578627
5,heldout,higher_visual,raw_glmsingle,imagery,1200,AB,False,36,0.5983239504679564,0.5859318314292713
5,heldout,higher_visual,raw_glmsingle,imagery,1200,AC,False,36,0.6171293772551092,0.6219269321698397
5,heldout,higher_visual,raw_glmsingle,imagery,1200,BB,True,15,0.7134259842847726,0.70198845626724
5,heldout,higher_visual,raw_glmsingle,imagery,1200,BC,False,36,0.6419263927610538,0.6642515251165891
5,heldout,higher_visual,raw_glmsingle,imagery,1200,CC,True,15,0.7174486876301697,0.734407433657273
5,heldout,higher_visual,task_pooled,vision,1200,AA,True,15,1.0252697552015406,1.0188734560332453
5,heldout,higher_visual,task_pooled,vision,1200,AB,False,36,1.035949018157467,1.0139210646135608
5,heldout,higher_visual,task_pooled,vision,1200,AC,False,36,1.0764640253090034,1.0878916905458196
5,heldout,higher_visual,task_pooled,vision,1200,BB,True,15,1.1301308573229012,1.121814654871253
5,heldout,higher_visual,task_pooled,vision,1200,BC,False,36,1.0260125554549253,1.0212619566738779
5,heldout,higher_visual,task_pooled,vision,1200,CC,True,15,1.0992682982014728,1.0941968363376768
5,heldout,higher_visual,task_pooled,imagery,1200,AA,True,15,1.0868050980417319,1.0995410194569173
5,heldout,higher_visual,task_pooled,imagery,1200,AB,False,36,1.0269951625278604,1.0357677335120252
5,heldout,higher_visual,task_pooled,imagery,1200,AC,False,36,1.060105439852463,1.0430734675912239
5,heldout,higher_visual,task_pooled,imagery,1200,BB,True,15,1.1258797450599904,1.1194335843622034
5,heldout,higher_visual,task_pooled,imagery,1200,BC,False,36,1.033716641393046,1.0496588952300194
5,heldout,higher_visual,task_pooled,imagery,1200,CC,True,15,1.0941625461930753,1.0869921107873424
5,heldout,higher_visual,attention_reference,vision,1200,AA,True,15,0.5192534013592326,0.49879706802412294
5,heldout,higher_visual,attention_reference,vision,1200,AB,False,36,0.594546278494691,0.5575831796073866
5,heldout,higher_visual,attention_reference,vision,1200,AC,False,36,0.6697433121126876,0.6905241474220949
5,heldout,higher_visual,attention_reference,vision,1200,BB,True,15,0.7264040392969878,0.7289487759939707
5,heldout,higher_visual,attention_reference,vision,1200,BC,False,36,0.7136202326120683,0.725501486820404
5,heldout,higher_visual,attention_reference,vision,1200,CC,True,15,0.8286562439815266,0.8328775235700316
5,heldout,higher_visual,attention_reference,imagery,1200,AA,True,15,0.4077227111685136,0.405781259901961
5,heldout,higher_visual,attention_reference,imagery,1200,AB,False,36,0.3891074352666355,0.37198006219220636
5,heldout,higher_visual,attention_reference,imagery,1200,AC,False,36,0.3612508283536489,0.3575282097771458
5,heldout,higher_visual,attention_reference,imagery,1200,BB,True,15,0.4415689203926321,0.42904364013387164
5,heldout,higher_visual,attention_reference,imagery,1200,BC,False,36,0.36579820204680874,0.354246842878629
5,heldout,higher_visual,attention_reference,imagery,1200,CC,True,15,0.3688195011281083,0.3552580095262833
6,heldout,nsdgeneral,raw_glmsingle,vision,1200,AA,True,15,0.6313434667916112,0.6380686251192558
6,heldout,nsdgeneral,raw_glmsingle,vision,1200,AB,False,36,0.533464113993855,0.5095224016663835
6,heldout,nsdgeneral,raw_glmsingle,vision,1200,AC,False,36,0.5114409298096301,0.4545706278064794
6,heldout,nsdgeneral,raw_glmsingle,vision,1200,BB,True,15,0.4384026929651493,0.39475495464686183
6,heldout,nsdgeneral,raw_glmsingle,vision,1200,BC,False,36,0.317622263942278,0.2805751624563403
6,heldout,nsdgeneral,raw_glmsingle,vision,1200,CC,True,15,0.22414514327779808,0.18292198492109468
6,heldout,nsdgeneral,raw_glmsingle,imagery,1200,AA,True,15,0.4001233953526697,0.39726310715312363
6,heldout,nsdgeneral,raw_glmsingle,imagery,1200,AB,False,36,0.41001797752382974,0.4004752990014947
6,heldout,nsdgeneral,raw_glmsingle,imagery,1200,AC,False,36,0.444384853388428,0.4433465369241176
6,heldout,nsdgeneral,raw_glmsingle,imagery,1200,BB,True,15,0.4074484717425984,0.4133176582394096
6,heldout,nsdgeneral,raw_glmsingle,imagery,1200,BC,False,36,0.43168689339567945,0.4294132123916838
6,heldout,nsdgeneral,raw_glmsingle,imagery,1200,CC,True,15,0.504748799755681,0.49167751911802426
6,heldout,nsdgeneral,task_pooled,vision,1200,AA,True,15,0.9800469935093197,0.9815061068382956
6,heldout,nsdgeneral,task_pooled,vision,1200,AB,False,36,1.0532298940908822,1.0702047618447965
6,heldout,nsdgeneral,task_pooled,vision,1200,AC,False,36,1.1477176367552948,1.1381684356732586
6,heldout,nsdgeneral,task_pooled,vision,1200,BB,True,15,1.137333060917374,1.170257230335065
6,heldout,nsdgeneral,task_pooled,vision,1200,BC,False,36,0.9988707715311933,0.9778960131450464
6,heldout,nsdgeneral,task_pooled,vision,1200,CC,True,15,0.9960939509856865,0.9476938646572226
6,heldout,nsdgeneral,task_pooled,imagery,1200,AA,True,15,1.071277383152862,1.0807448457020907
6,heldout,nsdgeneral,task_pooled,imagery,1200,AB,False,36,1.047541818395613,1.0385043566437973
6,heldout,nsdgeneral,task_pooled,imagery,1200,AC,False,36,1.0600265150614079,1.0595426113910555
6,heldout,nsdgeneral,task_pooled,imagery,1200,BB,True,15,1.1039125846130062,1.1376140362068583
6,heldout,nsdgeneral,task_pooled,imagery,1200,BC,False,36,1.0255174963276619,1.0194635995157117
6,heldout,nsdgeneral,task_pooled,imagery,1200,CC,True,15,1.10051851782795,1.0923198480225176
6,heldout,nsdgeneral,attention_reference,vision,1200,AA,True,15,0.541633733985307,0.5052330918001648
6,heldout,nsdgeneral,attention_reference,vision,1200,AB,False,36,0.6450447756956573,0.6639516868087911
6,heldout,nsdgeneral,attention_reference,vision,1200,AC,False,36,0.7062269438328591,0.6781115013355211
6,heldout,nsdgeneral,attention_reference,vision,1200,BB,True,15,0.7856088408506917,0.7734175293216787
6,heldout,nsdgeneral,attention_reference,vision,1200,BC,False,36,0.7358940195476141,0.7231257703672807
6,heldout,nsdgeneral,attention_reference,vision,1200,CC,True,15,0.817378155542296,0.818237260066449
6,heldout,nsdgeneral,attention_reference,imagery,1200,AA,True,15,0.21767580447995855,0.22062269894810782
6,heldout,nsdgeneral,attention_reference,imagery,1200,AB,False,36,0.20671065738955466,0.20030826208693198
6,heldout,nsdgeneral,attention_reference,imagery,1200,AC,False,36,0.20937246345530738,0.20046907555903842
6,heldout,nsdgeneral,attention_reference,imagery,1200,BB,True,15,0.21059856686903372,0.2068436576820053
6,heldout,nsdgeneral,attention_reference,imagery,1200,BC,False,36,0.19742277476466016,0.19273791055222173
6,heldout,nsdgeneral,attention_reference,imagery,1200,CC,True,15,0.22361812267715422,0.1933721123762504
6,heldout,early_visual,raw_glmsingle,vision,1200,AA,True,15,0.680136559272468,0.7217603251640908
6,heldout,early_visual,raw_glmsingle,vision,1200,AB,False,36,0.48909120178828286,0.47151039695319125
6,heldout,early_visual,raw_glmsingle,vision,1200,AC,False,36,0.4626107716520093,0.4122756306437897
6,heldout,early_visual,raw_glmsingle,vision,1200,BB,True,15,0.32387676261493753,0.32247257875354773
6,heldout,early_visual,raw_glmsingle,vision,1200,BC,False,36,0.21487177119964118,0.1741420241390802
6,heldout,early_visual,raw_glmsingle,vision,1200,CC,True,15,0.10749164156510137,0.10764519955212226
6,heldout,early_visual,raw_glmsingle,imagery,1200,AA,True,15,0.29106860664952444,0.2838798678832404
6,heldout,early_visual,raw_glmsingle,imagery,1200,AB,False,36,0.25519067739869594,0.24847349971315924
6,heldout,early_visual,raw_glmsingle,imagery,1200,AC,False,36,0.29610192346609865,0.27646132028516396
6,heldout,early_visual,raw_glmsingle,imagery,1200,BB,True,15,0.2008305576203101,0.1966614550869834
6,heldout,early_visual,raw_glmsingle,imagery,1200,BC,False,36,0.2633267208219197,0.24282527898036033
6,heldout,early_visual,raw_glmsingle,imagery,1200,CC,True,15,0.31327243937338684,0.2860185537493457
6,heldout,early_visual,task_pooled,vision,1200,AA,True,15,1.0420458485823307,1.0008892247254362
6,heldout,early_visual,task_pooled,vision,1200,AB,False,36,1.054400762344985,1.058450017224448
6,heldout,early_visual,task_pooled,vision,1200,AC,False,36,1.1308456903793243,1.1559645935970935
6,heldout,early_visual,task_pooled,vision,1200,BB,True,15,1.1206451181672636,1.1205672891411966
6,heldout,early_visual,task_pooled,vision,1200,BC,False,36,1.000668844270966,1.0048751051267315
6,heldout,early_visual,task_pooled,vision,1200,CC,True,15,0.9545333298532008,0.9610826609452604
6,heldout,early_visual,task_pooled,imagery,1200,AA,True,15,1.0744109801594537,1.1313932087216094
6,heldout,early_visual,task_pooled,imagery,1200,AB,False,36,1.0663234790791518,1.0475764133234415
6,heldout,early_visual,task_pooled,imagery,1200,AC,False,36,1.0427452231027823,1.0528145408739444
6,heldout,early_visual,task_pooled,imagery,1200,BB,True,15,1.0442301785556423,1.0397175975741584
6,heldout,early_visual,task_pooled,imagery,1200,BC,False,36,1.0463330578752286,1.0511634128363143
6,heldout,early_visual,task_pooled,imagery,1200,CC,True,15,1.0971175593208857,1.0796439202545123
6,heldout,early_visual,attention_reference,vision,1200,AA,True,15,0.6872521808473095,0.7110805096442856
6,heldout,early_visual,attention_reference,vision,1200,AB,False,36,0.7036541857051355,0.6979631784273479
6,heldout,early_visual,attention_reference,vision,1200,AC,False,36,0.7345354855622429,0.723482639926451
6,heldout,early_visual,attention_reference,vision,1200,BB,True,15,0.7660666760206145,0.7594516380442407
6,heldout,early_visual,attention_reference,vision,1200,BC,False,36,0.6992237688507401,0.7103779138600299
6,heldout,early_visual,attention_reference,vision,1200,CC,True,15,0.7171011643791846,0.7631845912001095
6,heldout,early_visual,attention_reference,imagery,1200,AA,True,15,0.13704760171383581,0.14318507959421523
6,heldout,early_visual,attention_reference,imagery,1200,AB,False,36,0.13514733252315722,0.13532642803435685
6,heldout,early_visual,attention_reference,imagery,1200,AC,False,36,0.14126971724096266,0.13789268759101853
6,heldout,early_visual,attention_reference,imagery,1200,BB,True,15,0.128831144145154,0.12586314710480517
6,heldout,early_visual,attention_reference,imagery,1200,BC,False,36,0.13860609550387534,0.128292039519745
6,heldout,early_visual,attention_reference,imagery,1200,CC,True,15,0.1599164528556122,0.1458344906553246
6,heldout,higher_visual,raw_glmsingle,vision,1200,AA,True,15,0.900814064232534,0.9014941568622622
6,heldout,higher_visual,raw_glmsingle,vision,1200,AB,False,36,0.800321643611215,0.782123229613823
6,heldout,higher_visual,raw_glmsingle,vision,1200,AC,False,36,0.7861216604692141,0.7995209267893585
6,heldout,higher_visual,raw_glmsingle,vision,1200,BB,True,15,0.8237527484580485,0.8188776411664461
6,heldout,higher_visual,raw_glmsingle,vision,1200,BC,False,36,0.6652602852954164,0.6449295128819317
6,heldout,higher_visual,raw_glmsingle,vision,1200,CC,True,15,0.6676978142620141,0.6027411090649453
6,heldout,higher_visual,raw_glmsingle,imagery,1200,AA,True,15,0.6197591064345577,0.6151891176952875
6,heldout,higher_visual,raw_glmsingle,imagery,1200,AB,False,36,0.5750021900090805,0.5738861474840067
6,heldout,higher_visual,raw_glmsingle,imagery,1200,AC,False,36,0.6050173160762922,0.586527222631563
6,heldout,higher_visual,raw_glmsingle,imagery,1200,BB,True,15,0.6606789139047996,0.6615410212749295
6,heldout,higher_visual,raw_glmsingle,imagery,1200,BC,False,36,0.6102784682557475,0.6173681928327865
6,heldout,higher_visual,raw_glmsingle,imagery,1200,CC,True,15,0.7167274832627573,0.6422224306759011
6,heldout,higher_visual,task_pooled,vision,1200,AA,True,15,1.0736029621145349,1.0796636258701677
6,heldout,higher_visual,task_pooled,vision,1200,AB,False,36,1.0193556744387278,1.0253554001520349
6,heldout,higher_visual,task_pooled,vision,1200,AC,False,36,1.0847554975276417,1.122085715475655
6,heldout,higher_visual,task_pooled,vision,1200,BB,True,15,1.1523059246469751,1.1864807726555764
6,heldout,higher_visual,task_pooled,vision,1200,BC,False,36,1.0172389770959829,1.008836735762663
6,heldout,higher_visual,task_pooled,vision,1200,CC,True,15,1.0753837529620338,1.0186974070055212
6,heldout,higher_visual,task_pooled,imagery,1200,AA,True,15,1.1122330233808368,1.0928061235218502
6,heldout,higher_visual,task_pooled,imagery,1200,AB,False,36,1.0298224984990525,1.0218772974763999
6,heldout,higher_visual,task_pooled,imagery,1200,AC,False,36,1.0452341414088735,1.0492517492865283
6,heldout,higher_visual,task_pooled,imagery,1200,BB,True,15,1.1424333161291693,1.1624940176888174
6,heldout,higher_visual,task_pooled,imagery,1200,BC,False,36,1.0126784629415264,1.0268640811969425
6,heldout,higher_visual,task_pooled,imagery,1200,CC,True,15,1.131001669659089,1.0907624053376923
6,heldout,higher_visual,attention_reference,vision,1200,AA,True,15,0.6557332314894917,0.6510440181192405
6,heldout,higher_visual,attention_reference,vision,1200,AB,False,36,0.667392454570458,0.6473952118672832
6,heldout,higher_visual,attention_reference,vision,1200,AC,False,36,0.7792781632242244,0.806827238572462
6,heldout,higher_visual,attention_reference,vision,1200,BB,True,15,0.8192514919189144,0.8161028454691537
6,heldout,higher_visual,attention_reference,vision,1200,BC,False,36,0.8112604632074264,0.8089641872651987
6,heldout,higher_visual,attention_reference,vision,1200,CC,True,15,0.9635334363841966,0.9731089838361807
6,heldout,higher_visual,attention_reference,imagery,1200,AA,True,15,0.4775677079234626,0.4633617587046093
6,heldout,higher_visual,attention_reference,imagery,1200,AB,False,36,0.40521257704702873,0.394021191284388
6,heldout,higher_visual,attention_reference,imagery,1200,AC,False,36,0.4208809894729197,0.4297670306512035
6,heldout,higher_visual,attention_reference,imagery,1200,BB,True,15,0.40903181671231803,0.41955702388801874
6,heldout,higher_visual,attention_reference,imagery,1200,BC,False,36,0.3739960949070284,0.3765741561914002
6,heldout,higher_visual,attention_reference,imagery,1200,CC,True,15,0.44102000367945793,0.3887255711333766
7,heldout,nsdgeneral,raw_glmsingle,vision,1200,AA,True,15,0.76488523479947,0.7674702385381849
7,heldout,nsdgeneral,raw_glmsingle,vision,1200,AB,False,36,0.6607394533359279,0.690108554627153
7,heldout,nsdgeneral,raw_glmsingle,vision,1200,AC,False,36,0.6225628080919003,0.6100710223613065
7,heldout,nsdgeneral,raw_glmsingle,vision,1200,BB,True,15,0.4898696598145653,0.5125484013098369
7,heldout,nsdgeneral,raw_glmsingle,vision,1200,BC,False,36,0.379610740498923,0.33786507539138355
7,heldout,nsdgeneral,raw_glmsingle,vision,1200,CC,True,15,0.2929597036083715,0.2793494248567775
7,heldout,nsdgeneral,raw_glmsingle,imagery,1200,AA,True,15,0.4257863959146834,0.40711988407805955
7,heldout,nsdgeneral,raw_glmsingle,imagery,1200,AB,False,36,0.4151060721519657,0.4081227201990415
7,heldout,nsdgeneral,raw_glmsingle,imagery,1200,AC,False,36,0.4209523660874814,0.4072862980899154
7,heldout,nsdgeneral,raw_glmsingle,imagery,1200,BB,True,15,0.4677811871570033,0.48447663475233715
7,heldout,nsdgeneral,raw_glmsingle,imagery,1200,BC,False,36,0.4380641203396186,0.4306547987489021
7,heldout,nsdgeneral,raw_glmsingle,imagery,1200,CC,True,15,0.4703653959551245,0.4819284235797424
7,heldout,nsdgeneral,task_pooled,vision,1200,AA,True,15,0.890760246952177,0.8822793282991368
7,heldout,nsdgeneral,task_pooled,vision,1200,AB,False,36,1.0873775550258948,1.0831957638068739
7,heldout,nsdgeneral,task_pooled,vision,1200,AC,False,36,1.1587807997645818,1.1725630726020326
7,heldout,nsdgeneral,task_pooled,vision,1200,BB,True,15,1.1025595717468477,1.091019142844481
7,heldout,nsdgeneral,task_pooled,vision,1200,BC,False,36,1.0005434652408196,0.9965218037980372
7,heldout,nsdgeneral,task_pooled,vision,1200,CC,True,15,1.008569427184877,1.0013329460260234
7,heldout,nsdgeneral,task_pooled,imagery,1200,AA,True,15,1.1194930776995553,1.114042472186209
7,heldout,nsdgeneral,task_pooled,imagery,1200,AB,False,36,1.0276842088387665,1.045163381453211
7,heldout,nsdgeneral,task_pooled,imagery,1200,AC,False,36,1.0355788335749037,1.0326127446149793
7,heldout,nsdgeneral,task_pooled,imagery,1200,BB,True,15,1.1294184770987181,1.0756898325916657
7,heldout,nsdgeneral,task_pooled,imagery,1200,BC,False,36,1.0329692272962692,1.0215850822035004
7,heldout,nsdgeneral,task_pooled,imagery,1200,CC,True,15,1.11179032577709,1.1171431550324933
7,heldout,nsdgeneral,attention_reference,vision,1200,AA,True,15,0.5497291009405865,0.5563028379297321
7,heldout,nsdgeneral,attention_reference,vision,1200,AB,False,36,0.7452582630112292,0.7544485716069445
7,heldout,nsdgeneral,attention_reference,vision,1200,AC,False,36,0.8017404869757985,0.7955558436929882
7,heldout,nsdgeneral,attention_reference,vision,1200,BB,True,15,0.8753357696830173,0.9136136290391044
7,heldout,nsdgeneral,attention_reference,vision,1200,BC,False,36,0.8275042210657438,0.8301686184396815
7,heldout,nsdgeneral,attention_reference,vision,1200,CC,True,15,0.9064146642687079,0.8912357029375798
7,heldout,nsdgeneral,attention_reference,imagery,1200,AA,True,15,0.2511648727125158,0.246674878117372
7,heldout,nsdgeneral,attention_reference,imagery,1200,AB,False,36,0.25135795220472246,0.23868231802013257
7,heldout,nsdgeneral,attention_reference,imagery,1200,AC,False,36,0.22986955280394916,0.2286860423963536
7,heldout,nsdgeneral,attention_reference,imagery,1200,BB,True,15,0.30395738394726296,0.3105792481039422
7,heldout,nsdgeneral,attention_reference,imagery,1200,BC,False,36,0.25251661392925606,0.2431947988503934
7,heldout,nsdgeneral,attention_reference,imagery,1200,CC,True,15,0.24856054706384872,0.23665028505264896
7,heldout,early_visual,raw_glmsingle,vision,1200,AA,True,15,0.861215944414747,0.805846531138192
7,heldout,early_visual,raw_glmsingle,vision,1200,AB,False,36,0.6900671583951671,0.663193365659734
7,heldout,early_visual,raw_glmsingle,vision,1200,AC,False,36,0.6461078645184624,0.5959488380102418
7,heldout,early_visual,raw_glmsingle,vision,1200,BB,True,15,0.4689722158627243,0.5138115206021556
7,heldout,early_visual,raw_glmsingle,vision,1200,BC,False,36,0.324623616284595,0.2917520947175979
7,heldout,early_visual,raw_glmsingle,vision,1200,CC,True,15,0.1998188736785158,0.20026309928021524
7,heldout,early_visual,raw_glmsingle,imagery,1200,AA,True,15,0.3828941432330472,0.37862049675625253
7,heldout,early_visual,raw_glmsingle,imagery,1200,AB,False,36,0.4094647389928012,0.39836201019488376
7,heldout,early_visual,raw_glmsingle,imagery,1200,AC,False,36,0.43644027905168126,0.4285682963566727
7,heldout,early_visual,raw_glmsingle,imagery,1200,BB,True,15,0.49088744601062795,0.4591777573418204
7,heldout,early_visual,raw_glmsingle,imagery,1200,BC,False,36,0.4821754401628615,0.4727702402437445
7,heldout,early_visual,raw_glmsingle,imagery,1200,CC,True,15,0.5188856339504461,0.51136712928118
7,heldout,early_visual,task_pooled,vision,1200,AA,True,15,0.9087680531002084,0.8429765167854812
7,heldout,early_visual,task_pooled,vision,1200,AB,False,36,1.1035315259431182,1.0910902109396967
7,heldout,early_visual,task_pooled,vision,1200,AC,False,36,1.1876032374578613,1.1691525272528644
7,heldout,early_visual,task_pooled,vision,1200,BB,True,15,1.0941754390368528,1.1442131309633958
7,heldout,early_visual,task_pooled,vision,1200,BC,False,36,0.9731708175028688,0.9632288917342664
7,heldout,early_visual,task_pooled,vision,1200,CC,True,15,0.9356956049550857,0.9511536493444982
7,heldout,early_visual,task_pooled,imagery,1200,AA,True,15,1.098609358462989,1.0757068152738984
7,heldout,early_visual,task_pooled,imagery,1200,AB,False,36,1.0287132133828663,1.0245994682278292
7,heldout,early_visual,task_pooled,imagery,1200,AC,False,36,1.0431947881651378,1.0233756131705736
7,heldout,early_visual,task_pooled,imagery,1200,BB,True,15,1.1125515892140163,1.117988123218624
7,heldout,early_visual,task_pooled,imagery,1200,BC,False,36,1.053991866851553,1.0330660704084513
7,heldout,early_visual,task_pooled,imagery,1200,CC,True,15,1.0753950766801395,1.0798883722702635
7,heldout,early_visual,attention_reference,vision,1200,AA,True,15,0.6391142682735734,0.6025664933995498
7,heldout,early_visual,attention_reference,vision,1200,AB,False,36,0.8262951827717916,0.8133850254302057
7,heldout,early_visual,attention_reference,vision,1200,AC,False,36,0.8648831914278504,0.8389627070643433
7,heldout,early_visual,attention_reference,vision,1200,BB,True,15,0.9158328404388103,0.9128338279144552
7,heldout,early_visual,attention_reference,vision,1200,BC,False,36,0.8239397091003692,0.83113676025952
7,heldout,early_visual,attention_reference,vision,1200,CC,True,15,0.8373487508294406,0.8743666458858437
7,heldout,early_visual,attention_reference,imagery,1200,AA,True,15,0.15512825723370818,0.1566242022655393
7,heldout,early_visual,attention_reference,imagery,1200,AB,False,36,0.18460918727949363,0.16344746110314312
7,heldout,early_visual,attention_reference,imagery,1200,AC,False,36,0.16063688510734384,0.16034069395403722
7,heldout,early_visual,attention_reference,imagery,1200,BB,True,15,0.2405924109931292,0.23219011354807118
7,heldout,early_visual,attention_reference,imagery,1200,BC,False,36,0.202488058448825,0.18906367622408832
7,heldout,early_visual,attention_reference,imagery,1200,CC,True,15,0.1809784911310229,0.17964919736246665
7,heldout,higher_visual,raw_glmsingle,vision,1200,AA,True,15,0.8206466128917238,0.8503853749367132
7,heldout,higher_visual,raw_glmsingle,vision,1200,AB,False,36,0.7981125971681774,0.807248086765765
7,heldout,higher_visual,raw_glmsingle,vision,1200,AC,False,36,0.7533803709000988,0.7449984400445491
7,heldout,higher_visual,raw_glmsingle,vision,1200,BB,True,15,0.8781607386118161,0.8854257483168818
7,heldout,higher_visual,raw_glmsingle,vision,1200,BC,False,36,0.7739394029050228,0.7601246704906711
7,heldout,higher_visual,raw_glmsingle,vision,1200,CC,True,15,0.7735599656368563,0.7529783648143591
7,heldout,higher_visual,raw_glmsingle,imagery,1200,AA,True,15,0.7201628014569831,0.6956101695360335
7,heldout,higher_visual,raw_glmsingle,imagery,1200,AB,False,36,0.6678303261102313,0.6771431092330381
7,heldout,higher_visual,raw_glmsingle,imagery,1200,AC,False,36,0.652757670272034,0.6453383028666353
7,heldout,higher_visual,raw_glmsingle,imagery,1200,BB,True,15,0.7773678062351349,0.77259745022733
7,heldout,higher_visual,raw_glmsingle,imagery,1200,BC,False,36,0.6729929822743492,0.6741662414728775
7,heldout,higher_visual,raw_glmsingle,imagery,1200,CC,True,15,0.7574770563534917,0.7574681647163304
7,heldout,higher_visual,task_pooled,vision,1200,AA,True,15,1.0653952627897125,1.0390887595001028
7,heldout,higher_visual,task_pooled,vision,1200,AB,False,36,1.0274247258030778,1.044501577491992
7,heldout,higher_visual,task_pooled,vision,1200,AC,False,36,1.059907613553286,1.0785493659421732
7,heldout,higher_visual,task_pooled,vision,1200,BB,True,15,1.1354128533877137,1.0446885313374603
7,heldout,higher_visual,task_pooled,vision,1200,BC,False,36,1.030954365340371,1.0376473702525857
7,heldout,higher_visual,task_pooled,vision,1200,CC,True,15,1.1005534121867044,1.0818205072327554
7,heldout,higher_visual,task_pooled,imagery,1200,AA,True,15,1.1397427626989187,1.1521979548233134
7,heldout,higher_visual,task_pooled,imagery,1200,AB,False,36,1.0230370859984452,1.0295876849368941
7,heldout,higher_visual,task_pooled,imagery,1200,AC,False,36,1.02233230002979,1.0101437950835983
7,heldout,higher_visual,task_pooled,imagery,1200,BB,True,15,1.1502591320622766,1.1534323262806754
7,heldout,higher_visual,task_pooled,imagery,1200,BC,False,36,1.0190162155126532,1.0033873298922484
7,heldout,higher_visual,task_pooled,imagery,1200,CC,True,15,1.1507625116705795,1.1712423537529166
7,heldout,higher_visual,attention_reference,vision,1200,AA,True,15,0.7024590271867939,0.725965442366368
7,heldout,higher_visual,attention_reference,vision,1200,AB,False,36,0.7361971059639827,0.7312786620500977
7,heldout,higher_visual,attention_reference,vision,1200,AC,False,36,0.8204481114384148,0.8105953732881723
7,heldout,higher_visual,attention_reference,vision,1200,BB,True,15,0.8718632339212384,0.907491979289458
7,heldout,higher_visual,attention_reference,vision,1200,BC,False,36,0.8510493036091912,0.8516011546964992
7,heldout,higher_visual,attention_reference,vision,1200,CC,True,15,1.0020839836569067,1.027123993690487
7,heldout,higher_visual,attention_reference,imagery,1200,AA,True,15,0.4784643597678756,0.46134874344255417
7,heldout,higher_visual,attention_reference,imagery,1200,AB,False,36,0.4608070796398766,0.4476723812762955
7,heldout,higher_visual,attention_reference,imagery,1200,AC,False,36,0.45054100477279957,0.4442690758815215
7,heldout,higher_visual,attention_reference,imagery,1200,BB,True,15,0.5626188000621156,0.5782708163687632
7,heldout,higher_visual,attention_reference,imagery,1200,BC,False,36,0.4858932194393008,0.47682628539361427
7,heldout,higher_visual,attention_reference,imagery,1200,CC,True,15,0.5379191217675275,0.5274006543997116
8,heldout,nsdgeneral,raw_glmsingle,vision,1200,AA,True,15,0.620608116352537,0.6022745467720876
8,heldout,nsdgeneral,raw_glmsingle,vision,1200,AB,False,36,0.5550449866947561,0.5769257869969384
8,heldout,nsdgeneral,raw_glmsingle,vision,1200,AC,False,36,0.5583396771050783,0.5456355117861562
8,heldout,nsdgeneral,raw_glmsingle,vision,1200,BB,True,15,0.5079501140709239,0.5464345937757263
8,heldout,nsdgeneral,raw_glmsingle,vision,1200,BC,False,36,0.4209325005802861,0.3787404603727859
8,heldout,nsdgeneral,raw_glmsingle,vision,1200,CC,True,15,0.436368765469957,0.431149315576817
8,heldout,nsdgeneral,raw_glmsingle,imagery,1200,AA,True,15,0.6633807033045588,0.6696046477397197
8,heldout,nsdgeneral,raw_glmsingle,imagery,1200,AB,False,36,0.5948076352629544,0.5827782778843544
8,heldout,nsdgeneral,raw_glmsingle,imagery,1200,AC,False,36,0.6212512284661695,0.6426343331466277
8,heldout,nsdgeneral,raw_glmsingle,imagery,1200,BB,True,15,0.6263785960949748,0.600874204168275
8,heldout,nsdgeneral,raw_glmsingle,imagery,1200,BC,False,36,0.581805703803167,0.5734409969063518
8,heldout,nsdgeneral,raw_glmsingle,imagery,1200,CC,True,15,0.701590599766803,0.7077014815042122
8,heldout,nsdgeneral,task_pooled,vision,1200,AA,True,15,0.9874025825771734,0.977582508273499
8,heldout,nsdgeneral,task_pooled,vision,1200,AB,False,36,1.0512963764796388,1.057008563054222
8,heldout,nsdgeneral,task_pooled,vision,1200,AC,False,36,1.0846032884385963,1.0859159607745754
8,heldout,nsdgeneral,task_pooled,vision,1200,BB,True,15,1.1420074446496302,1.1513220348349422
8,heldout,nsdgeneral,task_pooled,vision,1200,BC,False,36,1.000153927574453,1.0181955635705113
8,heldout,nsdgeneral,task_pooled,vision,1200,CC,True,15,1.123471407427556,1.1148071305472127
8,heldout,nsdgeneral,task_pooled,imagery,1200,AA,True,15,1.1183296166706473,1.0976470092001687
8,heldout,nsdgeneral,task_pooled,imagery,1200,AB,False,36,1.0303770894497335,1.013273864199539
8,heldout,nsdgeneral,task_pooled,imagery,1200,AC,False,36,1.032616850515325,1.0298968121910612
8,heldout,nsdgeneral,task_pooled,imagery,1200,BB,True,15,1.1394943660604566,1.1286817264425784
8,heldout,nsdgeneral,task_pooled,imagery,1200,BC,False,36,1.0119037593702347,1.0055343586448373
8,heldout,nsdgeneral,task_pooled,imagery,1200,CC,True,15,1.1526314882627287,1.178833257802014
8,heldout,nsdgeneral,attention_reference,vision,1200,AA,True,15,0.6598340217074861,0.6469113007002721
8,heldout,nsdgeneral,attention_reference,vision,1200,AB,False,36,0.7854650546966986,0.7728405581779321
8,heldout,nsdgeneral,attention_reference,vision,1200,AC,False,36,0.8547670211109826,0.8341778294436295
8,heldout,nsdgeneral,attention_reference,vision,1200,BB,True,15,0.9372662239065129,0.8988693922040543
8,heldout,nsdgeneral,attention_reference,vision,1200,BC,False,36,0.8518851121360046,0.8424078767164946
8,heldout,nsdgeneral,attention_reference,vision,1200,CC,True,15,0.9911319380063605,0.9755853345594832
8,heldout,nsdgeneral,attention_reference,imagery,1200,AA,True,15,0.6754305311295696,0.6874169598331435
8,heldout,nsdgeneral,attention_reference,imagery,1200,AB,False,36,0.5740119896352298,0.5688727304681123
8,heldout,nsdgeneral,attention_reference,imagery,1200,AC,False,36,0.6116806970944249,0.5975892082173707
8,heldout,nsdgeneral,attention_reference,imagery,1200,BB,True,15,0.58654129943427,0.6070380016655071
8,heldout,nsdgeneral,attention_reference,imagery,1200,BC,False,36,0.5579420400213861,0.5558410352620072
8,heldout,nsdgeneral,attention_reference,imagery,1200,CC,True,15,0.6798750143716925,0.6894134642744274
8,heldout,early_visual,raw_glmsingle,vision,1200,AA,True,15,0.7213506594394615,0.6978363782619358
8,heldout,early_visual,raw_glmsingle,vision,1200,AB,False,36,0.6199900478205852,0.6370831660616192
8,heldout,early_visual,raw_glmsingle,vision,1200,AC,False,36,0.5977580886683787,0.567107447065707
8,heldout,early_visual,raw_glmsingle,vision,1200,BB,True,15,0.49498989427149936,0.49139367656111554
8,heldout,early_visual,raw_glmsingle,vision,1200,BC,False,36,0.3817933118218196,0.3225328626759148
8,heldout,early_visual,raw_glmsingle,vision,1200,CC,True,15,0.3448263376446477,0.3519349957773462
8,heldout,early_visual,raw_glmsingle,imagery,1200,AA,True,15,0.7343918738715524,0.7004942975504718
8,heldout,early_visual,raw_glmsingle,imagery,1200,AB,False,36,0.6306805548888126,0.6016818807925932
8,heldout,early_visual,raw_glmsingle,imagery,1200,AC,False,36,0.6579293675821323,0.6646391742761457
8,heldout,early_visual,raw_glmsingle,imagery,1200,BB,True,15,0.6363946983968314,0.6808777327803643
8,heldout,early_visual,raw_glmsingle,imagery,1200,BC,False,36,0.5738717871037582,0.547581268380209
8,heldout,early_visual,raw_glmsingle,imagery,1200,CC,True,15,0.6615910939321429,0.6395950519310709
8,heldout,early_visual,task_pooled,vision,1200,AA,True,15,0.9451520305523082,0.8357503286955619
8,heldout,early_visual,task_pooled,vision,1200,AB,False,36,1.0791705599833334,1.1210687661443957
8,heldout,early_visual,task_pooled,vision,1200,AC,False,36,1.1206044559164157,1.0983721492041176
8,heldout,early_visual,task_pooled,vision,1200,BB,True,15,1.122584348713226,1.1844002235322075
8,heldout,early_visual,task_pooled,vision,1200,BC,False,36,0.9849429342817763,0.989335380528866
8,heldout,early_visual,task_pooled,vision,1200,CC,True,15,1.0800932258091256,1.1038828409841608
8,heldout,early_visual,task_pooled,imagery,1200,AA,True,15,1.0999875589367913,1.0736254293671466
8,heldout,early_visual,task_pooled,imagery,1200,AB,False,36,1.030296461277259,1.033262494729335
8,heldout,early_visual,task_pooled,imagery,1200,AC,False,36,1.0474001184268824,1.066893673139363
8,heldout,early_visual,task_pooled,imagery,1200,BB,True,15,1.1322740336207509,1.1125994314149674
8,heldout,early_visual,task_pooled,imagery,1200,BC,False,36,1.0135052460888874,1.0108850325996648
8,heldout,early_visual,task_pooled,imagery,1200,CC,True,15,1.1341929437719622,1.1389038130306954
8,heldout,early_visual,attention_reference,vision,1200,AA,True,15,0.6782604324784168,0.6261448424398883
8,heldout,early_visual,attention_reference,vision,1200,AB,False,36,0.8421723110966297,0.842161747503517
8,heldout,early_visual,attention_reference,vision,1200,AC,False,36,0.9022155051477712,0.9215876350348319
8,heldout,early_visual,attention_reference,vision,1200,BB,True,15,0.9228372785548379,0.9378526196224605
8,heldout,early_visual,attention_reference,vision,1200,BC,False,36,0.8230481922652781,0.7924570667218467
8,heldout,early_visual,attention_reference,vision,1200,CC,True,15,0.9156602356496211,0.9601466514160588
8,heldout,early_visual,attention_reference,imagery,1200,AA,True,15,0.57903199978836,0.5819081775258412
8,heldout,early_visual,attention_reference,imagery,1200,AB,False,36,0.472555615585779,0.4421818115913223
8,heldout,early_visual,attention_reference,imagery,1200,AC,False,36,0.5037276899271057,0.49732043147445665
8,heldout,early_visual,attention_reference,imagery,1200,BB,True,15,0.454486678215758,0.43070660378520365
8,heldout,early_visual,attention_reference,imagery,1200,BC,False,36,0.43242235730281764,0.41517362164528604
8,heldout,early_visual,attention_reference,imagery,1200,CC,True,15,0.5221851034137205,0.5093215333763934
8,heldout,higher_visual,raw_glmsingle,vision,1200,AA,True,15,0.7245088573326461,0.7632281140582058
8,heldout,higher_visual,raw_glmsingle,vision,1200,AB,False,36,0.6727741581383111,0.6609265489189151
8,heldout,higher_visual,raw_glmsingle,vision,1200,AC,False,36,0.7278456301681243,0.7217953207608879
8,heldout,higher_visual,raw_glmsingle,vision,1200,BB,True,15,0.6983124830995426,0.6870016146075749
8,heldout,higher_visual,raw_glmsingle,vision,1200,BC,False,36,0.6566565364437726,0.6415920411354117
8,heldout,higher_visual,raw_glmsingle,vision,1200,CC,True,15,0.7930761852129015,0.759659393171843
8,heldout,higher_visual,raw_glmsingle,imagery,1200,AA,True,15,0.861966502491213,0.8435355284362758
8,heldout,higher_visual,raw_glmsingle,imagery,1200,AB,False,36,0.7323992299105669,0.7121981189180489
8,heldout,higher_visual,raw_glmsingle,imagery,1200,AC,False,36,0.7666749671069999,0.7510855360072255
8,heldout,higher_visual,raw_glmsingle,imagery,1200,BB,True,15,0.7896395995700568,0.7941367917571229
8,heldout,higher_visual,raw_glmsingle,imagery,1200,BC,False,36,0.7251783052961666,0.737210534037478
8,heldout,higher_visual,raw_glmsingle,imagery,1200,CC,True,15,0.8764122558307698,0.8972277101487074
8,heldout,higher_visual,task_pooled,vision,1200,AA,True,15,1.078889888884923,1.1530005695124943
8,heldout,higher_visual,task_pooled,vision,1200,AB,False,36,1.0372165709759633,1.0339496002915087
8,heldout,higher_visual,task_pooled,vision,1200,AC,False,36,1.0447188930325408,1.0336030547236463
8,heldout,higher_visual,task_pooled,vision,1200,BB,True,15,1.1386218534926205,1.1518275116536025
8,heldout,higher_visual,task_pooled,vision,1200,BC,False,36,1.007872798971525,1.0158616948204864
8,heldout,higher_visual,task_pooled,vision,1200,CC,True,15,1.1517572101595208,1.1387161350270745
8,heldout,higher_visual,task_pooled,imagery,1200,AA,True,15,1.1302705624332878,1.1556291749170189
8,heldout,higher_visual,task_pooled,imagery,1200,AB,False,36,1.0235304335586013,1.028237422906054
8,heldout,higher_visual,task_pooled,imagery,1200,AC,False,36,1.0276465764303842,1.0161061958456439
8,heldout,higher_visual,task_pooled,imagery,1200,BB,True,15,1.1532537917098151,1.1249014872741956
8,heldout,higher_visual,task_pooled,imagery,1200,BC,False,36,1.0108874084733461,1.0089923691299325
8,heldout,higher_visual,task_pooled,imagery,1200,CC,True,15,1.1600948601304142,1.1686649595012835
8,heldout,higher_visual,attention_reference,vision,1200,AA,True,15,0.808830651818059,0.8038715462308428
8,heldout,higher_visual,attention_reference,vision,1200,AB,False,36,0.8209033142411781,0.8379112441041484
8,heldout,higher_visual,attention_reference,vision,1200,AC,False,36,0.8720606982284207,0.872804618679059
8,heldout,higher_visual,attention_reference,vision,1200,BB,True,15,0.9665298178275413,0.9650992634167451
8,heldout,higher_visual,attention_reference,vision,1200,BC,False,36,0.8825030873799142,0.8727476173874276
8,heldout,higher_visual,attention_reference,vision,1200,CC,True,15,1.0361886361648183,1.0014386084554279
8,heldout,higher_visual,attention_reference,imagery,1200,AA,True,15,0.8651319370262311,0.9301208818198636
8,heldout,higher_visual,attention_reference,imagery,1200,AB,False,36,0.7474073452623563,0.7529474434872185
8,heldout,higher_visual,attention_reference,imagery,1200,AC,False,36,0.7752600528995917,0.7762741442386305
8,heldout,higher_visual,attention_reference,imagery,1200,BB,True,15,0.8019390561231587,0.8052924031566854
8,heldout,higher_visual,attention_reference,imagery,1200,BC,False,36,0.7309699414850201,0.7345986052698033
8,heldout,higher_visual,attention_reference,imagery,1200,CC,True,15,0.8714695878703714,0.90680924582177
